time,v(N001),v(N002),v(N003),v(N004),v(N005)
0.0,4.49946297e-28,0.0,-5.24852323e-19,3.50958111e-27,1.1220356e-28
5e-06,1.25465892e-05,0.025,0.000731631079,0.000731475901,0.0124970397
5.42126246e-06,1.36925e-05,0.0271063123,0.000756461541,0.000756297563,0.0135500984
6.26378737e-06,1.61618016e-05,0.0313189369,0.000778625027,0.00077844648,0.0156563296
7.9488372e-06,2.21646495e-05,0.039744186,0.000780009245,0.000779801313,0.0198689733
1.13189369e-05,3.84255358e-05,0.0565946843,0.000795060186,0.000794754793,0.0282942279
1.80591362e-05,8.79610706e-05,0.0902956808,0.000837905028,0.000837102491,0.0451447558
3.15395348e-05,0.000255030064,0.157697674,0.0010058688,0.000996119597,0.0788457866
5.8500332e-05,0.000860711509,0.29250166,0.00422204431,0.00162718608,0.146247868
8.66696417e-05,0.00187969298,0.433348208,0.0661952537,0.00355979503,0.216671278
0.000113615117,0.00322272718,0.568075584,0.195223936,0.00515925218,0.284034912
0.000154390962,0.0059371826,0.771954811,0.403869214,0.00762601396,0.385974692
0.000195728953,0.00952456931,0.978644764,0.610061922,0.0112282001,0.489319689
0.000278404934,0.0192076184,1.39202467,1.0272854,0.0207134108,0.696009851
0.000443756897,0.0485040456,2.21878448,1.85614127,0.049894235,1.10938993
0.000721878448,0.127114152,3.60939224,3.25211571,0.128261581,1.80469416
0.001,0.24171264,5.0,4.64313623,0.242787712,2.49999819
0.00105,0.265385699,5.0,4.694677,0.265368831,2.5000004
0.00115,0.312496199,5.0,4.77006892,0.312390072,2.50000043
0.00135,0.405317764,5.0,4.86126189,0.405222731,2.50000039
0.00175,0.585500816,5.0,5.03851255,0.585399943,2.50000041
0.00225,0.800841561,5.0,5.24986426,0.800753303,2.50000036
0.00275,1.0056779,5.0,5.45215206,1.00558348,2.50000039
0.00325,1.20052225,5.0,5.64436981,1.20043888,2.50000034
0.00375,1.385862,5.0,5.8269729,1.38577223,2.50000037
0.00425,1.56216081,5.0,6.0004644,1.56208177,2.50000032
0.00475,1.72985969,5.0,6.16525527,1.72977399,2.50000035
0.00525,1.88937816,5.0,6.32180387,1.88930285,2.50000031
0.00575,2.04111524,5.0,6.47047897,2.04103298,2.50000034
0.00625,2.18545053,5.0,6.61169814,2.18537829,2.5000003
0.00675,2.32274508,5.0,6.74579197,2.32266555,2.50000033
0.00725,2.45334235,5.0,6.87314166,2.45327236,2.50000029
0.00775,2.57756902,5.0,6.99404209,2.57749128,2.50000032
0.00825,2.69573586,5.0,7.1087437,2.69566693,2.50000028
0.00875,2.80813817,5.0,7.08916715,2.80798052,2.50000065
0.00925,2.91505149,5.0,4.60882221,2.9133206,2.50001718
0.00961784801,2.99035686,5.0,4.51738015,2.99060946,2.50009188
0.00995735376,3.05742011,5.0,4.46779357,3.04640372,2.50246281
0.0104021161,3.14178414,5.0,4.41818949,3.10432946,2.51261684
0.0109021161,3.23199482,5.0,4.39524074,3.14845189,2.53139628
0.0114021161,3.31746076,5.0,4.38426925,3.18403788,2.55745549
0.0119021161,3.39840424,5.0,4.37615431,3.21633541,2.58097734
0.0124021161,3.47506476,5.0,4.36938985,3.24838522,2.60636435
0.0129021161,3.54766559,5.0,4.36467085,3.27633542,2.62947842
0.0134021161,3.61642049,5.0,4.3603,3.30486937,2.6535821
0.0139021161,3.68153265,5.0,4.35705476,3.32967167,2.67507359
0.0144021161,3.74319465,5.0,4.35394725,3.35526685,2.6975009
0.0149021161,3.80158919,5.0,4.35156166,3.37736268,2.71715461
0.0154021161,3.85688931,5.0,4.34921307,3.4004019,2.73779079
0.0159021161,3.90925898,5.0,4.34738192,3.42010359,2.75561131
0.0164021161,3.95885347,5.0,4.34553526,3.44087497,2.77448703
0.0169021161,4.00581987,5.0,4.34408701,3.45843931,2.79055872
0.0174021161,4.05029747,5.0,4.34259417,3.47718358,2.80776604
0.0179021161,4.09241819,5.0,4.34142389,3.49283315,2.82220586
0.0184021161,4.13230693,5.0,4.34019203,3.50976036,2.83786149
0.0189021161,4.170082,5.0,4.33923122,3.52369231,2.85079751
0.0194021161,4.20585542,5.0,4.33819852,3.53898898,2.86502569
0.0199021161,4.23973327,5.0,4.33740016,3.55137948,2.87658657
0.0204021161,4.27181602,5.0,4.33652346,3.56521243,2.88951057
0.0209021161,4.3021988,5.0,4.33585395,3.57621949,2.89982032
0.0214021161,4.3309717,5.0,4.33510202,3.58873839,2.9115582
0.0219021161,4.35822003,5.0,4.33453658,3.59850392,2.92073356
0.0224021161,4.38402459,5.0,4.33388612,3.60984316,2.93139609
0.0229021161,4.40846188,5.0,4.333406,3.61849465,2.93954548
0.0234021161,4.43160435,5.0,4.33283919,3.62877499,2.94923529
0.0239021161,4.45352063,5.0,4.33242986,3.63642696,2.95645842
0.0244021161,4.47427568,5.0,4.33193281,3.64575686,2.96526983
0.0249021161,4.49393103,5.0,4.33158283,3.65251219,2.97165787
0.0254021161,4.51254496,5.0,4.33114451,3.66098906,2.97967703
0.0259021161,4.53017265,5.0,4.3308447,3.66694015,2.98531295
0.0264021161,4.54686635,5.0,4.33045622,3.67465146,2.99261824
0.0269021161,4.56267557,5.0,4.33019915,3.67988124,2.99757736
0.0274021161,4.57764715,5.0,4.32985328,3.68690554,3.00423988
0.0279021161,4.59182548,5.0,4.32963284,3.69148846,3.00859035
0.0284021161,4.6052526,5.0,4.32932358,3.69789625,3.01467444
0.0289021161,4.61796831,5.0,4.3291347,3.70189912,3.01847785
0.0294021161,4.63001029,5.0,4.32885709,3.70775366,3.02404165
0.0299021161,4.64141426,5.0,4.32869554,3.71123646,3.02735358
0.0304021161,4.652214,5.0,4.32844538,3.71659453,3.03244956
0.0309021161,4.66244155,5.0,4.32830759,3.71961105,3.03532009
0.0314021161,4.6721272,5.0,4.32808136,3.72452359,3.03999554
0.0319021161,4.68129969,5.0,4.32796428,3.7271221,3.04246979
0.0324021161,4.68998618,5.0,4.32775897,3.73163481,3.04676728
0.0329021161,4.69821245,5.0,4.32766001,3.73385861,3.04888586
0.0334021161,4.70600286,5.0,4.32747305,3.7380125,3.05284373
0.0339021161,4.71338052,5.0,4.32738999,3.73990044,3.05464316
0.0344021161,4.72036728,5.0,4.32721916,3.74373229,3.05829588
0.0349021161,4.72698387,5.0,4.32715008,3.74531919,3.05980899
0.0354021161,4.73324989,5.0,4.32699346,3.748862,3.06318758
0.0359021161,4.73918393,5.0,4.32693669,3.75017913,3.06444388
0.0364021161,4.74480356,5.0,4.32679262,3.7534625,3.06757619
0.0369021161,4.75012545,5.0,4.32674673,3.75453788,3.06860221
0.0374021161,4.75516537,5.0,4.32661377,3.75758835,3.07151328
0.0379021161,4.75993826,5.0,4.32657748,3.75844713,3.07233282
0.0384021161,4.76445827,5.0,4.32645436,3.76128851,3.07504515
0.0389021161,4.7687388,5.0,4.32642658,3.76195323,3.07567961
0.0394021161,4.77279254,5.0,4.32631219,3.76460688,3.07821339
0.0399021161,4.7766315,5.0,4.32629195,3.76509776,3.07868197
0.0404021161,4.78026705,5.0,4.32618532,3.76758284,3.08105534
0.0409021161,4.78370999,5.0,4.32617177,3.76791803,3.08137529
0.0414021161,4.78697052,5.0,4.32607205,3.77025172,3.08360454
0.0419021161,4.79005829,5.0,4.32606443,3.77044747,3.08379133
0.0424021161,4.79298246,5.0,4.32597087,3.77264518,3.08589108
0.0429021161,4.79575171,5.0,4.32596853,3.77271609,3.0859586
0.0434021161,4.79837423,5.0,4.32588044,3.77479164,3.08794196
0.0439021161,4.8008578,5.0,4.32588279,3.77475079,3.08790269
0.0444021161,4.80320979,5.0,4.32579961,3.77671658,3.08978145
0.0449021161,4.80543716,5.0,4.32580613,3.7765757,3.08964656
0.0454021161,4.80754652,5.0,4.32572732,3.77844284,3.09143128
0.0459021161,4.80954413,5.0,4.32573756,3.77821246,3.09121082
0.0464021161,4.81143589,5.0,4.32566266,3.77999093,3.09291099
0.0469021161,4.81322742,5.0,4.3256762,3.77968047,3.09261396
0.0474021161,4.81492404,5.0,4.32560481,3.78137921,3.09423809
0.0479021161,4.81653076,5.0,4.32562129,3.78099715,3.09387257
0.0484021161,4.81805235,5.0,4.32555303,3.78262419,3.0954283
0.0489021161,4.81949333,5.0,4.32557213,3.78217811,3.09500154
0.0494021161,4.82085796,5.0,4.32550668,3.78374063,3.09649571
0.0499021161,4.82215029,5.0,4.32552811,3.78323734,3.09601421
0.0504021161,4.82337414,5.0,4.32546518,3.7847418,3.09745298
0.050701058,4.82407456,5.0,4.32549625,3.78400508,3.09674825
0.051,4.82475255,5.0,4.32544254,3.78528914,3.09797637
0.0510158955,4.82465614,4.92052226,4.24532623,3.76033943,3.07233698
0.0510476866,4.82420016,4.76156679,4.0851534,3.71186749,3.02254269
0.0511112688,4.82171462,4.44365584,3.76490078,3.6142869,2.92241222
0.0512384332,4.81050295,3.80783395,3.12493778,3.41619505,2.71976828
0.051492762,4.76246291,2.53619017,1.86757851,2.42459903,1.74233423
0.051746381,4.68025039,1.26809508,0.694228393,1.27399809,0.660168112
0.052,4.56538397,0.0,0.0393405607,0.62323642,0.0162323723
0.0520350745,4.54740995,0.0,0.039260551,0.623037585,0.0161591803
0.0521052236,4.51160574,0.0,0.0391140465,0.622651512,0.0160133409
0.0522455218,4.44085354,0.0,0.0388246269,0.621883942,0.0157251689
0.052526118,4.30270626,0.0,0.0382595548,0.620366617,0.015162575
0.053026118,4.06723758,0.0,0.0372965856,0.617713238,0.0142039237
0.053526118,3.8448783,0.0,0.0363875644,0.615067922,0.0132992192
0.054026118,3.63489769,0.0,0.0355294782,0.612458879,0.0124453363
0.054526118,3.43660584,0.0,0.0347193996,0.609884265,0.0116394417
0.055026118,3.24935128,0.0,0.0339547472,0.607340261,0.0108788689
0.055526118,3.07251884,0.0,0.0332328984,0.604823097,0.0101611001
0.056026118,2.90552762,0.0,0.0325515762,0.602328896,0.00948375944
0.056526118,2.74782909,0.0,0.0319084183,0.599853932,0.00884460359
0.057026118,2.59890527,0.0,0.0313014218,0.597394315,0.00824151568
0.057526118,2.45826702,0.0,0.0307284531,0.594946277,0.00767249717
0.058026118,2.32545246,0.0,0.030187758,0.592505811,0.00713566268
0.058526118,2.20002543,0.0,0.0296774025,0.590068996,0.00662923237
0.059026118,2.08157405,0.0,0.0291958595,0.587631582,0.0061515278
0.059526118,1.96970938,0.0,0.0287413681,0.585189358,0.00570096479
0.060026118,1.86406414,0.0,0.02831261,0.582737666,0.00527605017
0.060526118,1.76429148,0.0,0.0279079723,0.580271821,0.00487537503
0.061026118,1.67006385,0.0,0.0275263311,0.577786542,0.00449761245
0.061526118,1.58107196,0.0,0.0271661979,0.575276419,0.00414151102
0.062026118,1.49702367,0.0,0.0268266323,0.572735242,0.0038058935
0.062526118,1.41764312,0.0,0.0265062474,0.570156524,0.00348965067
0.063026118,1.34266977,0.0,0.0262042792,0.567532684,0.00319174093
0.063526118,1.27185755,0.0,0.0259194199,0.564855627,0.00291118436
0.064026118,1.20497404,0.0,0.0256510794,0.562115737,0.00264706356
0.064526118,1.14179971,0.0,0.0253980062,0.559302496,0.00239851792
0.065026118,1.08212719,0.0,0.0251597875,0.556403202,0.00216474583
0.065526118,1.02576058,0.0,0.0249352031,0.553403593,0.00194499935
0.066026118,0.972514781,0.0,0.0247240294,0.550286155,0.00173858845
0.066526118,0.922214875,0.0,0.0245250497,0.54703064,0.00154487625
0.067026118,0.874695541,0.0,0.0243382535,0.543611718,0.00136328632
0.067526118,0.829800475,0.0,0.0241623944,0.539999153,0.00119329954
0.068026118,0.78738184,0.0,0.0239977192,0.536154282,0.0010344664
0.068526118,0.747299734,0.0,0.0238429098,0.532029279,0.000886407744
0.069026118,0.70942166,0.0,0.0236985505,0.52756135,0.000748836554
0.069526118,0.673620493,0.0,0.0235641357,0.522250155,0.000623289615
0.070026118,0.639776683,0.0,0.0234397884,0.516731376,0.000506657133
0.070526118,0.607777813,0.0,0.0233223933,0.510501183,0.000400550817
0.071026118,0.577515146,0.0,0.0232173704,0.503338264,0.000305434203
0.071526118,0.548884168,0.0,0.0231179185,0.494950569,0.000222079513
0.072026118,0.521783743,0.0,0.0230337292,0.484943365,0.000151695659
0.072526118,0.496115393,0.0,0.0229511725,0.472878886,9.56797209e-05
0.073026118,0.471783345,0.0,0.0228900476,0.458413971,5.50503459e-05
0.073526118,0.448696318,0.0,0.0228098939,0.441656144,2.89889353e-05
0.074026118,0.426770927,0.0,0.022768059,0.42328199,1.43661971e-05
0.074526118,0.405934301,0.0,0.0226139646,0.404256598,6.90817673e-06
0.075026118,0.386123703,0.0,0.0225932717,0.38531305,3.33796901e-06
0.075526118,0.367284089,0.0,0.0221239608,0.366892833,1.61104156e-06
0.076026118,0.349365688,0.0,0.0221574326,0.349170267,8.04658098e-07
0.076526118,0.332322422,0.0,0.0208896386,0.332228842,3.85316313e-07
0.077026118,0.316111069,0.0,0.0207548364,0.316064206,1.92952472e-07
0.077526118,0.300690779,0.0,0.0185690027,0.300671456,7.95532947e-08
0.078026118,0.286022841,0.0,0.0171271833,0.286015455,3.04024093e-08
0.078526118,0.272070483,0.0,0.0144552769,0.272071254,-3.18372817e-09
0.079026118,0.258798767,0.0,0.0113795271,0.258802221,-1.42286961e-08
0.079526118,0.246174473,0.0,0.00776148844,0.246180827,-2.61697899e-08
0.080026118,0.234166007,0.0,0.00368274185,0.234172244,-2.56839448e-08
0.080526118,0.222743324,0.0,-0.000760176984,0.222750908,-3.12250773e-08
0.081026118,0.211877847,0.0,-0.00547699843,0.211884459,-2.72213532e-08
0.081526118,0.201542393,0.0,-0.0103705887,0.201549991,-3.12752606e-08
0.082026118,0.191711107,0.0,-0.0153735728,0.191717441,-2.60704838e-08
0.082526118,0.182359394,0.0,-0.0204224311,0.182366429,-2.89527982e-08
0.083026118,0.173463859,0.0,-0.0254612798,0.173469596,-2.36005737e-08
0.083526118,0.165002251,0.0,-0.0304406368,0.165008673,-2.64208439e-08
0.084026118,0.156953403,0.0,-0.0353298769,0.156958539,-2.11238066e-08
0.084526118,0.149297178,0.0,-0.0400991188,0.149303014,-2.39983604e-08
0.085026118,0.142014427,0.0,-0.0447333008,0.142019006,-1.88198836e-08
0.085526118,0.135086929,0.0,-0.0492149456,0.135092229,-2.17811558e-08
0.086026118,0.128497356,0.0,-0.0535387606,0.128501432,-1.67345227e-08
0.086526118,0.122229224,0.0,-0.0576950137,0.122234043,-1.97851771e-08
0.087026118,0.116266854,0.0,-0.0616844567,0.116270479,-1.4866206e-08
0.087526118,0.110595328,0.0,-0.0655021252,0.110599716,-1.7998892e-08
0.088026118,0.105200462,0.0,-0.0691524469,0.105203685,-1.31979525e-08
0.088526118,0.100068758,0.0,-0.0726333416,0.100072762,-1.64026087e-08
0.089026118,0.0951873796,0.0,-0.0759514193,0.0951902456,-1.17090489e-08
0.089526118,0.0905441162,0.0,-0.0791062929,0.0905477776,-1.49755609e-08
0.090026118,0.0861273523,0.0,-0.0821058097,0.0861298996,-1.03792714e-08
0.090526118,0.0819260392,0.0,-0.0849505323,0.0819293949,-1.3698363e-08
0.091026118,0.0779296672,0.0,-0.0876489505,0.0779319304,-9.19025091e-09
0.091526118,0.0741282392,0.0,-0.090202101,0.0741313217,-1.25537049e-08
0.092026118,0.0705122458,0.0,-0.092618748,0.0705142554,-8.1257585e-09
0.092526118,0.0670726415,0.0,-0.094900108,0.0670754795,-1.15263922e-08
0.093026118,0.0638008219,0.0,-0.0970549869,0.0638026049,-7.171602e-09
0.093526118,0.0606886024,0.0,-0.0990845996,0.0606912215,-1.06031624e-08
0.094026118,0.0577281979,0.0,-0.100997642,0.0577297783,-6.3154017e-09
0.094526118,0.0549122026,0.0,-0.102795216,0.0549146253,-9.77244411e-09
0.095026118,0.0522335723,0.0,-0.104485828,0.0522349713,-5.54634869e-09
0.095526118,0.0496856062,0.0,-0.106070394,0.0496878525,-9.02412316e-09
0.096026118,0.0472619306,0.0,-0.107557177,0.047263167,-4.85498275e-09
0.096526118,0.0449564825,0.0,-0.10894687,0.0449585701,-8.34933408e-09
0.097026118,0.0427634947,0.0,-0.110247469,0.0427645853,-4.2329989e-09
0.097526118,0.0406774815,0.0,-0.111459423,0.0406794263,-7.7402819e-09
0.098026118,0.0386932245,0.0,-0.112590443,0.038694184,-3.67308376e-09
0.098526118,0.0368057601,0.0,-0.113640728,0.036807576,-7.19009162e-09
0.099026118,0.0350103667,0.0,-0.114617695,0.0350112083,-3.16877727e-09
0.099526118,0.0333025531,0.0,-0.115521295,0.0333042526,-6.69268153e-09
0.1,0.0317609407,0.0,-0.11631655,0.0317616789,-2.72603662e-09
0.100008015,0.0317676886,0.0400772042,-0.115549834,0.0325090608,0.0200355506
0.100024046,0.0318453743,0.120231613,-0.115214006,0.0326298488,0.0601126013
0.100056108,0.0323853781,0.280540429,-0.0749729885,0.0337150033,0.140267349
0.100085431,0.0333273685,0.427153375,0.0496527423,0.0355371118,0.213573688
0.100122985,0.0351565718,0.614924513,0.247533101,0.0368393241,0.307459457
0.100160264,0.0376616346,0.80132092,0.4302755,0.0394908843,0.400657678
0.100225764,0.0437179576,1.12882057,0.763239363,0.0452821898,0.56440768
0.10034989,0.0609346797,1.74945077,1.38420209,0.0624457101,0.874722943
0.100598142,0.11756178,2.99071117,2.63252422,0.118764126,1.49535349
0.101,0.270331137,5.0,4.64221095,0.271423024,2.49999821
0.101048358,0.293092568,5.0,4.69104936,0.293074126,2.50000039
0.101145073,0.338396288,5.0,4.76086561,0.338284629,2.50000043
0.101338503,0.427701744,5.0,4.84467312,0.427607311,2.50000039
0.101725363,0.601228715,5.0,5.01457384,0.601127103,2.50000041
0.102225363,0.815802244,5.0,5.2239313,0.815714373,2.50000036
0.102725363,1.0199088,5.0,5.42551501,1.01981436,2.50000039
0.103225363,1.21405895,5.0,5.61706897,1.21397595,2.50000034
0.103725363,1.39873838,5.0,5.79904194,1.39864857,2.50000037
0.104225363,1.57440908,5.0,5.97193685,1.57433038,2.50000032
0.104725363,1.74151048,5.0,6.13616141,1.74142472,2.50000035
0.105225363,1.90046062,5.0,6.29217398,1.90038563,2.50000031
0.105725363,2.05165709,5.0,6.4403403,2.05157476,2.50000034
0.106225363,2.19547815,5.0,6.58107845,2.1954062,2.50000029
0.106725363,2.33228355,5.0,6.71471605,2.33220391,2.50000033
0.107225363,2.46241552,5.0,6.84163433,2.4623458,2.50000028
0.107725363,2.5861996,5.0,6.96212519,2.58612171,2.50000032
0.108225363,2.70394543,5.0,7.07640193,2.7038767,2.50000028
0.108725363,2.81594719,5.0,7.01208735,2.81576322,2.50000076
0.109225363,2.92247954,5.0,4.59387779,2.92076326,2.50002273
0.109591654,2.99720386,5.0,4.51144409,2.99713822,2.50013305
0.109929179,3.06365097,5.0,4.46343052,3.0512807,2.50290345
0.110368108,3.14665259,5.0,4.41692572,3.10671107,2.51367486
0.110868108,3.23660738,5.0,4.39445187,3.15042048,2.53264484
0.111368108,3.32182961,5.0,4.38379264,3.18583414,2.55873111
0.111868108,3.402542,5.0,4.37575713,3.21803339,2.58228841
0.112368108,3.47898345,5.0,4.36910772,3.24993934,2.60762808
0.112868108,3.55137671,5.0,4.36442688,3.27783718,2.6307334
0.113368108,3.619935,5.0,4.36010848,3.30624994,2.65476751
0.113868108,3.68486094,5.0,4.35688488,3.33101335,2.67624215
0.114368108,3.74634658,5.0,4.35380792,3.3565002,2.69859183
0.114868108,3.8045741,5.0,4.351435,3.37856601,2.71822837
0.115368108,3.85971604,5.0,4.34910671,3.40150561,2.7387854
0.115868108,3.91193591,5.0,4.34728337,3.42118445,2.75659101
0.116368108,3.96138855,5.0,4.34545133,3.44186315,2.77538885
0.116868108,4.00822062,5.0,4.34400806,3.45941079,2.79144891
0.117368108,4.052571,5.0,4.34252635,3.47806833,2.8085808
0.117868108,4.09457124,5.0,4.34135928,3.49370662,2.82301262
0.118368108,4.13434589,5.0,4.34013624,3.51055236,2.83859575
0.118868108,4.17201292,5.0,4.33917747,3.52447785,2.85152742
0.119368108,4.20768402,5.0,4.33815201,3.53969772,2.86568618
0.119868108,4.24146498,5.0,4.33735488,3.55208609,2.87724621
0.120368108,4.27345597,5.0,4.33648427,3.56584645,2.89010385
0.120868108,4.30375186,5.0,4.33581541,3.57685526,2.90041603
0.121368108,4.33244246,5.0,4.33506872,3.58930534,2.91209046
0.121868108,4.35961287,5.0,4.33450351,3.59907609,2.9212713
0.122368108,4.38534362,5.0,4.33385764,3.61034993,2.93187313
0.122868108,4.40971102,5.0,4.33337742,3.61900974,2.94003077
0.123368108,4.43278731,5.0,4.33281469,3.62922774,2.94966243
0.123868108,4.45464091,5.0,4.33240502,3.63689083,2.95689635
0.124368108,4.4753366,5.0,4.33191164,3.64616115,2.96565196
0.124868108,4.49493574,5.0,4.33156113,3.65293009,2.97205308
0.125368108,4.51349644,5.0,4.33112615,3.66134987,2.98001859
0.125868108,4.53107371,5.0,4.33082566,3.6673168,2.98566968
0.126368108,4.54771968,5.0,4.33044026,3.67497327,2.99292329
0.126868108,4.56348368,5.0,4.33018239,3.68022089,2.99789944
0.127368108,4.57841244,5.0,4.32983935,3.68719236,3.00451207
0.127868108,4.59255023,5.0,4.32961802,3.6917949,3.00888125
0.128368108,4.60593895,5.0,4.32931142,3.69815169,3.01491708
0.128868108,4.61861829,5.0,4.32912157,3.70217578,3.01874072
0.129368108,4.63062583,5.0,4.32884645,3.70798096,3.02425775
0.129868108,4.64199719,5.0,4.32868386,3.7114864,3.02759125
0.130368108,4.65276605,5.0,4.32843607,3.71679658,3.0326418
0.130868108,4.66296434,5.0,4.32829718,3.71983702,3.03553512
0.131368108,4.6726223,5.0,4.3280732,3.724703,3.04016634
0.131868108,4.68176855,5.0,4.32795498,3.72732656,3.04266447
0.132368108,4.69043021,5.0,4.32775182,3.73179392,3.04691885
0.132868108,4.69863295,5.0,4.32765168,3.73404378,3.04906227
0.133368108,4.70640108,5.0,4.32746679,3.73815341,3.05297802
0.133868108,4.71375764,5.0,4.32738251,3.7400683,3.05480315
0.134368108,4.72072442,5.0,4.32721367,3.74385687,3.05841467
0.134868108,4.72732209,5.0,4.32714335,3.74547153,3.05995425
0.135368108,4.73357019,5.0,4.32698866,3.74897195,3.06329245
0.135868108,4.73948725,5.0,4.32693063,3.75031754,3.06457591
0.136368108,4.74509081,5.0,4.32678843,3.75355932,3.06766858
0.136868108,4.75039748,5.0,4.32674125,3.75466379,3.06872235
0.137368108,4.75542299,5.0,4.32661011,3.7576734,3.07159446
0.137868108,4.76018223,5.0,4.32657252,3.75856183,3.0724423
0.138368108,4.76468932,5.0,4.32645117,3.76136301,3.07511628
0.138868108,4.76895761,5.0,4.32642208,3.76205787,3.07577952
0.139368108,4.77299975,5.0,4.32630943,3.76467193,3.0782755
0.139868108,4.77682773,5.0,4.32628786,3.76519338,3.07877329
0.140368108,4.78045289,5.0,4.32618293,3.76763941,3.08110937
0.140868108,4.78388599,5.0,4.32616804,3.76800555,3.08145889
0.141368108,4.78713718,5.0,4.32606999,3.77030069,3.08365132
0.141868108,4.79021613,5.0,4.32606103,3.77052773,3.08386801
0.142368108,4.79313194,5.0,4.3259691,3.77268734,3.08593135
0.142868108,4.79589326,5.0,4.32596541,3.77278983,3.08602906
0.143368108,4.79850828,5.0,4.32587894,3.77482769,3.08797641
0.143868108,4.80098475,5.0,4.32587993,3.77481868,3.08796757
0.144368108,4.80333001,5.0,4.32579834,3.77674715,3.08981066
0.144868108,4.80555102,5.0,4.3258035,3.77663834,3.08970643
0.145368108,4.80765435,5.0,4.32572626,3.77846851,3.09145581
0.145868108,4.80964624,5.0,4.32573513,3.77827039,3.0912662
0.146368108,4.81153259,5.0,4.32566179,3.7800122,3.09293132
0.146868108,4.813319,5.0,4.32567395,3.77973417,3.0926653
0.147368108,4.81501076,5.0,4.3256041,3.78139654,3.09425466
0.147868108,4.81661289,5.0,4.3256192,3.78104706,3.09392028
0.148368108,4.81813013,5.0,4.32555247,3.78263799,3.09544149
0.148868108,4.81956699,5.0,4.32557019,3.7822246,3.09504599
0.149368108,4.82092771,5.0,4.32550625,3.78375127,3.09650588
0.149868108,4.82221635,5.0,4.3255263,3.78328078,3.09605575
0.150368108,4.8234367,5.0,4.32546487,3.78474961,3.09746045
0.150684054,4.82417417,5.0,4.32549389,3.7840618,3.09680248
0.151,4.82488671,5.0,4.32544104,3.78532561,3.09801124
0.151016666,4.8247787,4.91667119,4.2414442,3.75921694,3.07118087
0.151049997,4.82427345,4.75001356,4.07350887,3.7083889,3.01896508
0.15111666,4.82153377,4.4166983,3.73775063,3.60601861,2.91393363
0.151249986,4.8091995,3.75006778,3.06682325,3.39805824,2.70124601
0.151516639,4.75632723,2.41680674,1.7515405,2.31198425,1.63295435
0.151758319,4.67569649,1.20840337,0.653177851,1.23335616,0.624256242
0.152,4.56550498,0.0,0.0393515099,0.623247604,0.0162328245
0.152034696,4.5477236,0.0,0.0392618863,0.623041006,0.0161604577
0.152104089,4.5123016,0.0,0.0391168919,0.622659028,0.0160161753
0.152242873,4.44229562,0.0,0.0388305276,0.621899645,0.0157310422
0.152520443,4.3055701,0.0,0.0382712665,0.620398321,0.0151742367
0.153020443,4.06994197,0.0,0.0373076447,0.617744748,0.0142149297
0.153520443,3.84743214,0.0,0.0363980006,0.615098974,0.0133096071
0.154020443,3.63730936,0.0,0.0355393342,0.6124895,0.0124551406
0.154520443,3.43888326,0.0,0.0347286992,0.609914502,0.0116486949
0.155020443,3.25150194,0.0,0.0339635304,0.607370157,0.0108876014
0.155520443,3.0745498,0.0,0.0332411843,0.6048527,0.010169341
0.156020443,2.90744556,0.0,0.0325594027,0.602358248,0.00949153599
0.156520443,2.74964031,0.0,0.0319158,0.599883081,0.00885194152
0.157020443,2.60061572,0.0,0.0313083951,0.597423304,0.00824843932
0.157520443,2.45988231,0.0,0.0307350281,0.594975153,0.00767902945
0.158020443,2.3269779,0.0,0.0301939702,0.592534618,0.00714182525
0.158520443,2.20146602,0.0,0.0296832576,0.590097786,0.00663504566
0.159020443,2.08293453,0.0,0.029201393,0.587660402,0.0061570111
0.159520443,1.97099422,0.0,0.0287465808,0.585218263,0.00570613626
0.160020443,1.86527754,0.0,0.0283175379,0.582766708,0.00528092695
0.160520443,1.76543744,0.0,0.0279126115,0.580301063,0.00487997329
0.161020443,1.67114613,0.0,0.0275307186,0.577816042,0.00450194742
0.161520443,1.5820941,0.0,0.0271703248,0.57530625,0.00414559703
0.162020443,1.49798904,0.0,0.0268305374,0.572765474,0.00380974409
0.162520443,1.41855489,0.0,0.0265099164,0.570187245,0.00349327852
0.163020443,1.34353093,0.0,0.0262077536,0.56756398,0.00319515799
0.163520443,1.27267091,0.0,0.0259226791,0.564887609,0.00291440183
0.164020443,1.20574229,0.0,0.0256541689,0.562148517,0.00265009198
0.164520443,1.14252536,0.0,0.025400898,0.559336216,0.00240136707
0.165020443,1.08281264,0.0,0.0251625327,0.556438015,0.00216742489
0.165520443,1.02640806,0.0,0.0249377647,0.553439691,0.00194751681
0.166020443,0.973126425,0.0,0.0247264662,0.550323752,0.00174095217
0.166520443,0.922792692,0.0,0.0245273132,0.547070011,0.00154709338
0.167020443,0.875241431,0.0,0.0243404131,0.543653178,0.00136536338
0.167520443,0.830316234,0.0,0.0241643867,0.540043117,0.00119524223
0.168020443,0.787869169,0.0,0.0239996286,0.53620124,0.00103627969
0.168520443,0.747760242,0.0,0.0238446522,0.532079889,0.000888095555
0.169020443,0.70985687,0.0,0.0237002322,0.527616431,0.00075040179
0.169520443,0.674031855,0.0,0.0235656264,0.522311759,0.000624729793
0.170020443,0.640165577,0.0,0.0234412733,0.516800365,0.000507974387
0.170520443,0.608145552,0.0,0.0233236379,0.510579752,0.000401741514
0.171020443,0.577862988,0.0,0.0232186704,0.503429365,0.000306491374
0.171520443,0.549213327,0.0,0.0231188821,0.495058288,0.000222991324
0.172020443,0.522095397,0.0,0.0230348888,0.485072732,0.000152446255
0.172520443,0.496410692,0.0,0.02295175,0.47303509,9.62524664e-05
0.173020443,0.472063399,0.0,0.0228913161,0.458599042,5.54414542e-05
0.173520443,0.448962168,0.0,0.0228097652,0.441865446,2.92217812e-05
0.174020443,0.427023498,0.0,0.0227708234,0.423504655,1.44893386e-05
0.174520443,0.406174392,0.0,0.0226115076,0.404482094,6.9682722e-06
0.175020443,0.386352005,0.0,0.0226030846,0.385534344,3.36682231e-06
0.175520443,0.367501217,0.0,0.0221127753,0.367106652,1.62466624e-06
0.176020443,0.349572207,0.0,0.022188815,0.349375159,8.11358446e-07
0.176520443,0.332518859,0.0,0.0208606161,0.332424444,3.88754225e-07
0.177020443,0.316297919,0.0,0.0208143592,0.316250709,1.9437725e-07
0.177520443,0.300868512,0.0,0.0185507253,0.300848868,8.08755401e-08
0.178020443,0.286191902,0.0,0.0171712832,0.286184536,3.03221837e-08
0.178520443,0.272231297,0.0,0.0144857106,0.272231867,-2.35361176e-09
0.179020443,0.258951737,0.0,0.0114190659,0.258955302,-1.46879533e-08
0.179520443,0.24631998,0.0,0.0078068487,0.246326177,-2.55215783e-08
0.180020443,0.234304416,0.0,0.00373334391,0.234310788,-2.6240083e-08
0.180520443,0.222874982,0.0,-0.00070607384,0.222882422,-3.06353795e-08
0.181020443,0.212003082,0.0,-0.00541992077,0.212009836,-2.78052147e-08
0.181520443,0.20166152,0.0,-0.010312011,0.201668979,-3.07079448e-08
0.182020443,0.191824422,0.0,-0.0153137626,0.1918309,-2.66617411e-08
0.182520443,0.182467181,0.0,-0.0203627488,0.18247408,-2.83916219e-08
0.183020443,0.173566389,0.0,-0.0254017671,0.173572268,-2.41899446e-08
0.183520443,0.16509978,0.0,-0.0303823184,0.165106066,-2.58626441e-08
0.184020443,0.157046173,0.0,-0.0352725456,0.157051452,-2.17095017e-08
0.184520443,0.149385424,0.0,-0.0400435915,0.149391125,-2.34420899e-08
0.185020443,0.142098367,0.0,-0.044679211,0.142103088,-1.94013943e-08
0.185520443,0.135166775,0.0,-0.049162978,0.135171941,-2.12265288e-08
0.186020443,0.128573307,0.0,-0.0534884507,0.128577524,-1.73117952e-08
0.186520443,0.122301471,0.0,-0.0576469618,0.122306155,-1.9232178e-08
0.187020443,0.116335576,0.0,-0.0616381376,0.11633934,-1.54393411e-08
0.187520443,0.110660698,0.0,-0.0654580882,0.110664952,-1.74475942e-08
0.188020443,0.105262643,0.0,-0.0691101324,0.105266005,-1.37670956e-08
0.188520443,0.100127906,0.0,-0.0725932664,0.100131776,-1.58531083e-08
0.189020443,0.0952436422,0.0,-0.0759130027,0.0952466455,-1.22743494e-08
0.189520443,0.0905976343,0.0,-0.079070031,0.0906011627,-1.44279518e-08
0.190020443,0.0861782598,0.0,-0.082071114,0.0861809435,-1.09408686e-08
0.190520443,0.0819744634,0.0,-0.0849178859,0.0819776866,-1.31527295e-08
0.191020443,0.0779757293,0.0,-0.0876177604,0.077978128,-9.74827051e-09
0.191520443,0.0741720544,0.0,-0.0901728449,0.0741750048,-1.201012e-08
0.192020443,0.0705539236,0.0,-0.0925908309,0.0705560679,-8.68031254e-09
0.192520443,0.0671122862,0.0,-0.0948740062,0.0671149928,-1.09849178e-08
0.193020443,0.0638385328,0.0,-0.0970301095,0.0638404497,-7.72279013e-09
0.193520443,0.0607244738,0.0,-0.0990614163,0.0607269619,-1.00638509e-08
0.194020443,0.0577623194,0.0,-0.100975567,0.0577640329,-6.86331245e-09
0.194520443,0.0549446597,0.0,-0.10277472,0.0549469519,-9.23533931e-09
0.195020443,0.0522644461,0.0,-0.104466329,0.0522659774,-6.09106128e-09
0.195520443,0.049714974,0.0,-0.10605236,0.0497170904,-8.48926179e-09
0.196020443,0.0472898658,0.0,-0.107540032,0.0472912337,-5.39656815e-09
0.196520443,0.044983055,0.0,-0.108931088,0.0449850133,-7.81674679e-09
0.197020443,0.042788771,0.0,-0.110232477,0.0427899923,-4.77152129e-09
0.197520443,0.0407015248,0.0,-0.111445694,0.0407033408,-7.20999419e-09
0.198020443,0.038716095,0.0,-0.112577409,0.0387171845,-4.20860109e-09
0.198520443,0.036827515,0.0,-0.113628861,0.0368292026,-6.66212437e-09
0.199020443,0.0350310603,0.0,-0.114606439,0.0350320312,-3.70134235e-09
0.199520443,0.0333222373,0.0,-0.115511122,0.0333238091,-6.16705198e-09
0.2,0.0317616728,0.0,-0.116316039,0.031762539,-3.25310464e-09
0.200008102,0.0317688446,0.0405113693,-0.115548408,0.0325104811,0.0202526321
0.200024307,0.0318487754,0.121534108,-0.115198779,0.0326330608,0.060763851
0.20005323,0.032317064,0.266150342,-0.0847391338,0.0335462405,0.133072292
0.200085135,0.0333168003,0.425673481,0.0473001657,0.035576224,0.212833752
0.200124509,0.0352465736,0.622543398,0.256012401,0.0368911582,0.31126889
0.200162142,0.0378069858,0.81071036,0.439252711,0.0396490078,0.40535242
0.200226671,0.0438176945,1.13335651,0.768205161,0.0453704734,0.566675634
0.200344288,0.0599984731,1.72144166,1.35574228,0.0615234874,0.860718402
0.200579522,0.112304563,2.89761197,2.53952713,0.113513774,1.44880385
0.201,0.270306173,5.0,4.64202279,0.271401328,2.49999823
0.201045539,0.291747126,5.0,4.68973335,0.291734282,2.50000039
0.201136617,0.334434571,5.0,4.75703497,0.33432193,2.50000043
0.201318774,0.41865351,5.0,4.8356786,0.418559297,2.50000039
0.201683087,0.582571442,5.0,4.99567289,0.582468796,2.50000041
0.202183087,0.798055079,5.0,5.20504932,0.797967208,2.50000036
0.202683087,1.00302735,5.0,5.40750232,1.00293248,2.50000039
0.203183087,1.19800098,5.0,5.59988967,1.19791801,2.50000034
0.203683087,1.38346373,5.0,5.78265449,1.38337351,2.50000037
0.204183087,1.55987953,5.0,5.95630346,1.55980088,2.50000032
0.204683087,1.72768969,5.0,6.12124456,1.72760355,2.50000035
0.205183087,1.88731401,5.0,6.27793968,1.8872391,2.50000031
0.205683087,2.03915178,5.0,6.42675436,2.0390691,2.50000034
0.206183087,2.18358285,5.0,6.56811002,2.18351101,2.50000029
0.206683087,2.32096851,5.0,6.70233401,2.32088855,2.50000033
0.207183087,2.45165243,5.0,6.82981101,2.45158286,2.50000028
0.207683087,2.57596154,5.0,6.95083307,2.57588339,2.50000032
0.208183087,2.69420679,5.0,7.06566021,2.69413829,2.50000028
0.208683087,2.80668371,5.0,7.05354816,2.80652977,2.50000063
0.209183087,2.91366807,5.0,4.60750911,2.91195915,2.50001632
0.209551295,2.98909414,5.0,4.52144316,2.9886715,2.50030012
0.209890888,3.05621552,5.0,4.46836303,3.04545838,2.50238244
0.210335195,3.14055003,5.0,4.4190083,3.10367543,2.51238312
0.210835195,3.23081443,5.0,4.39974222,3.14488205,2.53329629
0.211335195,3.31633515,5.0,4.38278907,3.18452246,2.55612358
0.211835195,3.397341,5.0,4.37658243,3.21574251,2.5809296
0.212335195,3.47405728,5.0,4.36940124,3.24799266,2.60595548
0.212835195,3.54671157,5.0,4.36473773,3.27597069,2.62918669
0.213335195,3.615517,5.0,4.36035312,3.30448983,2.65325575
0.213835195,3.68067703,5.0,4.3570946,3.32935154,2.67479421
0.214335195,3.74238438,5.0,4.35398679,3.35492508,2.69719948
0.214835195,3.80082186,5.0,4.35159115,3.37707795,2.7169001
0.215335195,3.85616264,5.0,4.34924337,3.4000936,2.73751352
0.215835195,3.90857081,5.0,4.3474047,3.41985026,2.75538139
0.216335195,3.95820177,5.0,4.34555932,3.44059643,2.77423322
0.216835195,4.00520271,5.0,4.3441051,3.45821404,2.7903521
0.217335195,4.04971301,5.0,4.34261376,3.47693168,2.80753434
0.217835195,4.0918647,5.0,4.34143853,3.49263304,2.82202088
0.218335195,4.13178277,5.0,4.3402083,3.50953235,2.8376503
0.218835195,4.16958561,5.0,4.33924324,3.52351477,2.85063242
0.219335195,4.20538533,5.0,4.33821224,3.53878241,2.86483333
0.219835195,4.2392881,5.0,4.33741013,3.55122218,2.87643965
0.220335195,4.27139443,5.0,4.33653517,3.5650251,2.8893354
0.220835195,4.30179955,5.0,4.3358623,3.57608037,2.8996899
0.221335195,4.33059361,5.0,4.33511212,3.58856834,2.91139865
0.221835195,4.35786197,5.0,4.33454361,3.59838111,2.92061809
0.222335195,4.3836855,5.0,4.3338949,3.60968863,2.9312507
0.222835195,4.40814076,5.0,4.33341194,3.61838647,2.93944351
0.223335195,4.43130025,5.0,4.33284688,3.62863439,2.94910271
0.223835195,4.45323264,5.0,4.3324349,3.63633191,2.95636864
0.224335195,4.47400294,5.0,4.33193959,3.64562875,2.96514881
0.224835195,4.49367275,5.0,4.33158711,3.65242891,2.97157908
0.225335195,4.51230036,5.0,4.33115052,3.66087218,2.97956642
0.225835195,4.52994101,5.0,4.33084833,3.66686743,2.98524406
0.226335195,4.54664699,5.0,4.33046158,3.67454465,2.99251703
0.226835195,4.56246782,5.0,4.33020224,3.67981799,2.99751736
0.227335195,4.57745041,5.0,4.32985807,3.68680777,3.00414712
0.227835195,4.59163917,5.0,4.32963546,3.6914337,3.00853835
0.228335195,4.60507616,5.0,4.32932789,3.69780659,3.01458929
0.228835195,4.61780121,5.0,4.32913692,3.70185198,3.01843303
0.229335195,4.62985205,5.0,4.32886098,3.70767128,3.02396336
0.229835195,4.6412644,5.0,4.3286974,3.71119614,3.02731522
0.230335195,4.65207209,5.0,4.32844892,3.71651869,3.03237742
0.230835195,4.66230715,5.0,4.32830914,3.71957684,3.03528753
0.231335195,4.67199993,5.0,4.32808458,3.72445361,3.03992893
0.231835195,4.68117915,5.0,4.32796557,3.72709337,3.04244243
0.232335195,4.68987204,5.0,4.32776191,3.7315701,3.04670565
0.232835195,4.69810435,5.0,4.32766107,3.7338348,3.04886317
0.233335195,4.70590049,5.0,4.32747575,3.73795251,3.05278657
0.233835195,4.71328357,5.0,4.32739084,3.73988103,3.05462465
0.234335195,4.72027547,5.0,4.32722164,3.74367654,3.05824275
0.234835195,4.72689692,5.0,4.32715075,3.74530373,3.05979424
0.235335195,4.73316755,5.0,4.32699575,3.74881007,3.06313805
0.235835195,4.73910595,5.0,4.3269372,3.7501672,3.0644325
0.236335195,4.74472971,5.0,4.32679475,3.75341398,3.06752991
0.236835195,4.75005551,5.0,4.3267471,3.75452912,3.06859384
0.237335195,4.75509914,5.0,4.32661575,3.7575429,3.07146991
0.237835195,4.75987554,5.0,4.32657773,3.7584412,3.07232716
0.238335195,4.76439887,5.0,4.32645621,3.76124582,3.0750044
0.238835195,4.76868255,5.0,4.32642672,3.76194984,3.07567637
0.239335195,4.77273927,5.0,4.32631392,3.76456667,3.078175
0.239835195,4.77658105,5.0,4.32629199,3.76509665,3.07868091
0.240335195,4.78021928,5.0,4.32618695,3.76754486,3.08101907
0.240835195,4.78366475,5.0,4.32617172,3.76791895,3.08137617
0.241335195,4.78692767,5.0,4.32607359,3.77021573,3.08357017
0.241835195,4.79001771,5.0,4.32606431,3.77045022,3.08379396
0.242335195,4.79294404,5.0,4.32597232,3.77261099,3.08585842
0.242835195,4.79571532,5.0,4.32596833,3.77272047,3.08596278
0.243335195,4.79833977,5.0,4.32588183,3.77475907,3.08791084
0.243835195,4.80082517,5.0,4.32588254,3.77475662,3.08790827
0.244335195,4.80317888,5.0,4.32580093,3.77668546,3.08975171
0.244835195,4.80540789,5.0,4.32580583,3.77658283,3.08965338
0.245335195,4.80751881,5.0,4.32572858,3.77841303,3.09140279
0.245835195,4.80951788,5.0,4.3257372,3.77822076,3.09121876
0.246335195,4.81141103,5.0,4.32566387,3.77996229,3.09288362
0.246835195,4.81320388,5.0,4.3256758,3.77968981,3.09262289
0.247335195,4.81490174,5.0,4.32560597,3.78135163,3.09421173
0.247835195,4.81650965,5.0,4.32562085,3.78100743,3.09388239
0.248335195,4.81803236,5.0,4.32555415,3.78259756,3.09540284
0.248835195,4.81947439,5.0,4.32557166,3.78218921,3.09501215
0.249335195,4.82084003,5.0,4.32550776,3.78371486,3.09647108
0.249835195,4.82213331,5.0,4.32552761,3.78324918,3.09602554
0.250335195,4.82335806,5.0,4.32546623,3.7847168,3.09742909
0.250667597,4.82413606,5.0,4.32549446,3.78404806,3.09678934
0.251,4.8248864,5.0,4.3254411,3.78532408,3.09800978
0.251017414,4.82476675,4.91292845,4.23767348,3.75807407,3.07000755
0.251052243,4.82421171,4.73878534,4.06219413,3.70495505,3.01543734
0.2511219,4.82121424,4.39049913,3.71136727,3.59792506,2.90563883
0.251261215,4.8077402,3.6939267,3.01034962,3.38035065,2.68316998
0.251539844,4.74995828,2.30078185,1.63878332,2.20207486,1.52620938
0.251769922,4.67109552,1.15039093,0.617636974,1.19812131,0.591964125
0.252,4.56552745,6.48370246e-14,0.0393378066,0.623233768,0.016232974
0.252034927,4.54762807,0.0,0.0392614302,0.623039911,0.0161600689
0.252104781,4.51197197,0.0,0.039115542,0.622655472,0.0160148326
0.25224449,4.44150889,0.0,0.0388273102,0.621891083,0.015727838
0.252523907,4.3039123,0.0,0.0382644851,0.620379983,0.015167486
0.253023907,4.06837647,0.0,0.0373012446,0.617726508,0.0142085586
0.253523907,3.84595379,0.0,0.0363919574,0.615081003,0.0133035938
0.254023907,3.63591331,0.0,0.0355336308,0.612471774,0.0124494651
0.254523907,3.43756492,0.0,0.0347233137,0.609897003,0.0116433385
0.255023907,3.25025698,0.0,0.0339584483,0.60735285,0.0108825464
0.255523907,3.07337413,0.0,0.0332363854,0.604835568,0.0101645705
0.256023907,2.90633532,0.0,0.0325548748,0.602341256,0.00948703435
0.256523907,2.74859184,0.0,0.0319115241,0.599866213,0.00884769376
0.257023907,2.59962558,0.0,0.0313043614,0.597406522,0.00824443141
0.257523907,2.45894726,0.0,0.0307312187,0.594958443,0.00767524806
0.258023907,2.32609486,0.0,0.0301903776,0.592517941,0.0071382579
0.258523907,2.2006321,0.0,0.0296798645,0.590081127,0.00663168047
0.259023907,2.08214698,0.0,0.0291981938,0.587643717,0.00615383697
0.259523907,1.97025046,0.0,0.028743559,0.585201538,0.0057031426
0.260023907,1.86457514,0.0,0.0283146899,0.582749894,0.00527810392
0.260523907,1.76477407,0.0,0.027909921,0.580284144,0.00487731144
0.261023907,1.67051963,0.0,0.0275281842,0.577798962,0.00449943803
0.261523907,1.58150241,0.0,0.0271679301,0.575288991,0.00414323171
0.262023907,1.49743021,0.0,0.0268282832,0.57274797,0.0038075151
0.262523907,1.41802709,0.0,0.0265077857,0.570169472,0.00349117841
0.263023907,1.34303242,0.0,0.0262057498,0.567545859,0.00319317996
0.263523907,1.27220008,0.0,0.0259207844,0.564869108,0.00291253927
0.264023907,1.20529757,0.0,0.0256523893,0.562129536,0.00264833893
0.264523907,1.1421053,0.0,0.0253992144,0.559316711,0.00239971771
0.265023907,1.08241585,0.0,0.0251609542,0.556417856,0.00216587408
0.265523907,1.02603325,0.0,0.0249362702,0.553418813,0.00194605945
0.266023907,0.972772361,0.0,0.0247250685,0.550301979,0.00173958391
0.266523907,0.922458209,0.0,0.0245259885,0.547047241,0.00154580985
0.267023907,0.87492543,0.0,0.024339179,0.543629167,0.00136416107
0.267523907,0.830017675,0.0,0.0241632154,0.540017694,0.00119411755
0.268023907,0.787587067,0.0,0.0239985437,0.536174045,0.00103523008
0.268523907,0.747493666,0.0,0.0238436202,0.532050626,0.000887118386
0.269023907,0.709604939,0.0,0.0236992856,0.52758453,0.000749495783
0.269523907,0.673793729,0.0,0.0235647193,0.522276155,0.000623895878
0.270023907,0.639940457,0.0,0.0234404679,0.516760396,0.000507212002
0.270523907,0.607932678,0.0,0.0233228491,0.510534354,0.00040105191
0.271023907,0.577661632,0.0,0.023218007,0.503376582,0.000305879603
0.271523907,0.549022787,0.0,0.0231182024,0.494996062,0.000222462969
0.272023907,0.52191499,0.0,0.0230343944,0.484997771,0.000152012061
0.272523907,0.496239753,0.0,0.0229511385,0.472944873,9.59200785e-05
0.273023907,0.471901285,0.0,0.0228910583,0.458491776,5.52156104e-05
0.273523907,0.448808276,0.0,0.0228089403,0.441744557,2.90858889e-05
0.274023907,0.426877293,0.0,0.0227710447,0.423375538,1.44189774e-05
0.274523907,0.406035412,0.0,0.0226091735,0.404351841,6.93233865e-06
0.275023907,0.386219849,0.0,0.0226049793,0.385405986,3.35118724e-06
0.275523907,0.36737553,0.0,0.0221049839,0.366983142,1.61570128e-06
0.276023907,0.34945266,0.0,0.0221951301,0.349256316,8.08464338e-07
0.276523907,0.332405149,0.0,0.0208420411,0.332311429,3.85889913e-07
0.277023907,0.316189758,0.0,0.0208207714,0.316142575,1.94269305e-07
0.277523907,0.300765629,0.0,0.0185296118,0.30074631,7.9535951e-08
0.278023907,0.286094039,0.0,0.0171593191,0.286086544,3.08512219e-08
0.278523907,0.272138208,0.0,0.0144667751,0.272139004,-3.28672462e-09
0.279023907,0.258863188,0.0,0.0113958361,0.25886658,-1.3973325e-08
0.279523907,0.246235751,0.0,0.00778063732,0.246242148,-2.63449146e-08
0.280023907,0.234224296,0.0,0.00370391046,0.234230481,-2.54713903e-08
0.280523907,0.22279877,0.0,-0.000737296896,0.222806401,-3.14224092e-08
0.281023907,0.211930588,0.0,-0.00545307902,0.211937152,-2.70227873e-08
0.281523907,0.201592562,0.0,-0.0103458209,0.201600209,-3.14796178e-08
0.282023907,0.191758828,0.0,-0.0153485018,0.191765115,-2.58773849e-08
0.282523907,0.182404787,0.0,-0.0203971963,0.182411872,-2.91574175e-08
0.283023907,0.173507038,0.0,-0.0254363307,0.173512728,-2.34089874e-08
0.283523907,0.165043324,0.0,-0.0304159755,0.165049796,-2.6624414e-08
0.284023907,0.156992472,0.0,-0.0353058439,0.156997562,-2.09329601e-08
0.284523907,0.149334342,0.0,-0.0400756323,0.149340227,-2.42004646e-08
0.285023907,0.142049777,0.0,-0.0447106315,0.142054311,-1.862954e-08
0.285523907,0.135120555,0.0,-0.0491929588,0.135125904,-2.19816982e-08
0.286023907,0.128529342,0.0,-0.0535176825,0.128533372,-1.65446358e-08
0.286523907,0.12225965,0.0,-0.0576746763,0.122264517,-1.99841746e-08
0.287023907,0.116295795,0.0,-0.0616650584,0.116299374,-1.46767958e-08
0.287523907,0.110622858,0.0,-0.0654834782,0.110627294,-1.81963975e-08
0.288023907,0.105226648,0.0,-0.0691347336,0.105229826,-1.30090588e-08
0.288523907,0.100093667,0.0,-0.072616364,0.100097719,-1.65986836e-08
0.289023907,0.0952110738,0.0,-0.0759353483,0.0952138941,-1.15207146e-08
0.289523907,0.0905666546,0.0,-0.0790909241,0.0905703633,-1.51702645e-08
0.290023907,0.0861487913,0.0,-0.0820913073,0.086151293,-1.01915361e-08
0.290523907,0.0819464324,0.0,-0.0849366858,0.081949835,-1.38917492e-08
0.291023907,0.0779490656,0.0,-0.0876359216,0.0779512834,-9.00314927e-09
0.291523907,0.0741466914,0.0,-0.0901896805,0.0741498205,-1.27458219e-08
0.292023907,0.0705297979,0.0,-0.0926070951,0.0705317622,-7.93932064e-09
0.292523907,0.0670893373,0.0,-0.0948890169,0.0670922217,-1.1717283e-08
0.293023907,0.0638167033,0.0,-0.0970446145,0.0638184413,-6.98585367e-09
0.293523907,0.0607037092,0.0,-0.0990747365,0.0607063743,-1.07928649e-08
0.294023907,0.0577425677,0.0,-0.100988448,0.0577441032,-6.13036453e-09
0.294523907,0.0549258714,0.0,-0.102786485,0.0549283399,-9.96099202e-09
0.295023907,0.0522465743,0.0,-0.104477719,0.0522479286,-5.3620412e-09
0.295523907,0.049697974,0.0,-0.106062701,0.0497002659,-9.21154662e-09
0.296023907,0.0472736951,0.0,-0.10755006,0.047274887,-4.67142048e-09
0.296523907,0.0449676731,0.0,-0.108940129,0.044969806,-8.53566013e-09
0.297023907,0.0427741395,0.0,-0.11024126,0.0427751856,-4.05019506e-09
0.297523907,0.040687607,0.0,-0.111453547,0.0406895968,-7.92553479e-09
0.298023907,0.0387028561,0.0,-0.112585056,0.0387037713,-3.49104924e-09
0.298523907,0.0368149219,0.0,-0.113635632,0.0368167825,-7.3742932e-09
0.299023907,0.0350190815,0.0,-0.114613053,0.0350198791,-2.98752137e-09
0.299523907,0.0333108428,0.0,-0.115516914,0.0333125868,-6.87585196e-09
0.3,0.0317618206,0.0,-0.116316145,0.0317625147,-2.5446018e-09
