bbox_x1,bbox_x2,bbox_y1,bbox_y2,class_id,class_name,component_class_id,component_class_name,component_node_id,confidence,connected_terminal_ids,diagram_id,estimated_connection_side,estimated_orientation,image_height,image_name,image_path,image_width,instance_id,is_suspicious_match,label,match_confidence,match_distance_px,match_status,match_warnings,matched_net_id,matched_net_index,n_components,n_connected_terminals,n_connections,n_nets,n_terminals,n_terminals_estimated,net_id,net_index,node_id,node_type,pixel_count,preferred_net_id_from_05,preferred_net_index_from_05,relative_position,search_kind,search_stage,search_window,snap_x,snap_y,source_json_stage,source_label,symbol_type,terminal_id,terminal_name,use_for_masking,use_for_terminals,x,y
,,,,,,,,,,,1084_png.rf.c6e7ca8cebbc72caed28bc220d23905e,,,1024,1084_png.rf.c6e7ca8cebbc72caed28bc220d23905e.jpg,C:\Users\m.profilo\Desktop\tesi_diagrams_yolo\data\pilot_batch_v1_a\1084_png.rf.c6e7ca8cebbc72caed28bc220d23905e.jpg,1024,,,1084_png.rf.c6e7ca8cebbc72caed28bc220d23905e,,,,,,,16,,24,10,,24,,,diagram:1084_png.rf.c6e7ca8cebbc72caed28bc220d23905e,Diagram,,,,,,,,,,06_match_terminals_to_nets,,,,,,,,
106.2,133.31,756.23,789.36,26,Terminal,,,,0.7791,,1084_png.rf.c6e7ca8cebbc72caed28bc220d23905e,,right,,,,,26.1,,26.1,,,,,,,,,,,1,,,,component:1084_png.rf.c6e7ca8cebbc72caed28bc220d23905e:26.1,Component,,,,,,,,,,,,one_terminal,,,True,True,,
121.49,188.65,576.31,632.48,9,GND,,,,0.8258,,1084_png.rf.c6e7ca8cebbc72caed28bc220d23905e,top,up,,,,,9.1,,9.1,,,,,,,,,,,1,,,,component:1084_png.rf.c6e7ca8cebbc72caed28bc220d23905e:9.1,Component,,,,,,,,,,,,one_terminal,,,True,True,,
228.66,276.51,713.45,824.46,20,Polarized_Capacitor,,,,0.8384,,1084_png.rf.c6e7ca8cebbc72caed28bc220d23905e,,horizontal,,,,,20.1,,20.1,,,,,,,,,,,2,,,,component:1084_png.rf.c6e7ca8cebbc72caed28bc220d23905e:20.1,Component,,,,,,,,,,,,two_terminal,,,True,True,,
229.07,276.23,484.89,593.82,20,Polarized_Capacitor,,,,0.8557,,1084_png.rf.c6e7ca8cebbc72caed28bc220d23905e,,horizontal,,,,,20.2,,20.2,,,,,,,,,,,2,,,,component:1084_png.rf.c6e7ca8cebbc72caed28bc220d23905e:20.2,Component,,,,,,,,,,,,two_terminal,,,True,True,,
338.67,390.88,806.05,920.27,22,Resistor,,,,0.892,,1084_png.rf.c6e7ca8cebbc72caed28bc220d23905e,,vertical,,,,,22.1,,22.1,,,,,,,,,,,2,,,,component:1084_png.rf.c6e7ca8cebbc72caed28bc220d23905e:22.1,Component,,,,,,,,,,,,two_terminal,,,True,True,,
338.75,391.0,296.63,414.91,22,Resistor,,,,0.8798,,1084_png.rf.c6e7ca8cebbc72caed28bc220d23905e,,vertical,,,,,22.2,,22.2,,,,,,,,,,,2,,,,component:1084_png.rf.c6e7ca8cebbc72caed28bc220d23905e:22.2,Component,,,,,,,,,,,,two_terminal,,,True,True,,
331.92,398.48,937.16,997.5,9,GND,,,,0.8468,,1084_png.rf.c6e7ca8cebbc72caed28bc220d23905e,top,up,,,,,9.2,,9.2,,,,,,,,,,,1,,,,component:1084_png.rf.c6e7ca8cebbc72caed28bc220d23905e:9.2,Component,,,,,,,,,,,,one_terminal,,,True,True,,
454.81,573.11,470.58,612.52,18,NPN_Transistor,,,,0.9232,,1084_png.rf.c6e7ca8cebbc72caed28bc220d23905e,,,,,,,18.1,,18.1,,,,,,,,,,,0,,,,component:1084_png.rf.c6e7ca8cebbc72caed28bc220d23905e:18.1,Component,,,,,,,,,,,,multi_terminal,,,True,False,,
514.39,566.11,811.99,919.1,22,Resistor,,,,0.8938,,1084_png.rf.c6e7ca8cebbc72caed28bc220d23905e,,vertical,,,,,22.3,,22.3,,,,,,,,,,,2,,,,component:1084_png.rf.c6e7ca8cebbc72caed28bc220d23905e:22.3,Component,,,,,,,,,,,,two_terminal,,,True,True,,
514.04,567.54,243.93,358.57,22,Resistor,,,,0.8804,,1084_png.rf.c6e7ca8cebbc72caed28bc220d23905e,,vertical,,,,,22.4,,22.4,,,,,,,,,,,2,,,,component:1084_png.rf.c6e7ca8cebbc72caed28bc220d23905e:22.4,Component,,,,,,,,,,,,two_terminal,,,True,True,,
524.66,556.95,133.81,179.98,26,Terminal,,,,0.7703,,1084_png.rf.c6e7ca8cebbc72caed28bc220d23905e,,bottom,,,,,26.2,,26.2,,,,,,,,,,,1,,,,component:1084_png.rf.c6e7ca8cebbc72caed28bc220d23905e:26.2,Component,,,,,,,,,,,,one_terminal,,,True,True,,
507.77,574.47,938.96,998.0,9,GND,,,,0.8433,,1084_png.rf.c6e7ca8cebbc72caed28bc220d23905e,top,up,,,,,9.3,,9.3,,,,,,,,,,,1,,,,component:1084_png.rf.c6e7ca8cebbc72caed28bc220d23905e:9.3,Component,,,,,,,,,,,,one_terminal,,,True,True,,
712.2,756.78,335.04,444.34,20,Polarized_Capacitor,,,,0.8668,,1084_png.rf.c6e7ca8cebbc72caed28bc220d23905e,,horizontal,,,,,20.3,,20.3,,,,,,,,,,,2,,,,component:1084_png.rf.c6e7ca8cebbc72caed28bc220d23905e:20.3,Component,,,,,,,,,,,,two_terminal,,,True,True,,
801.81,825.55,376.0,407.63,26,Terminal,,,,0.8202,,1084_png.rf.c6e7ca8cebbc72caed28bc220d23905e,,horizontal,,,,,26.3,,26.3,,,,,,,,,,,2,,,,component:1084_png.rf.c6e7ca8cebbc72caed28bc220d23905e:26.3,Component,,,,,,,,,,,,one_terminal,,,True,True,,
841.84,895.92,562.41,679.91,22,Resistor,,,,0.8572,,1084_png.rf.c6e7ca8cebbc72caed28bc220d23905e,,vertical,,,,,22.5,,22.5,,,,,,,,,,,2,,,,component:1084_png.rf.c6e7ca8cebbc72caed28bc220d23905e:22.5,Component,,,,,,,,,,,,two_terminal,,,True,True,,
835.7,904.11,711.52,773.89,9,GND,,,,0.8231,,1084_png.rf.c6e7ca8cebbc72caed28bc220d23905e,top,up,,,,,9.4,,9.4,,,,,,,,,,,1,,,,component:1084_png.rf.c6e7ca8cebbc72caed28bc220d23905e:9.4,Component,,,,,,,,,,,,one_terminal,,,True,True,,
,,,,,,26,Terminal,component:1084_png.rf.c6e7ca8cebbc72caed28bc220d23905e:26.1,,,1084_png.rf.c6e7ca8cebbc72caed28bc220d23905e,,right,,,,,26.1,False,26.1:t1,high,2.0,matched_preferred,[],N1,1,,,,,,,,,terminal:1084_png.rf.c6e7ca8cebbc72caed28bc220d23905e:26.1:t1,Terminal,,N1,1,right,directional,directional_primary,"[119, 767, 156, 780]",137,771,,,,26.1:t1,t1,,,137.31,772.8
,,,,,,9,GND,component:1084_png.rf.c6e7ca8cebbc72caed28bc220d23905e:9.1,,,1084_png.rf.c6e7ca8cebbc72caed28bc220d23905e,top,up,,,,,9.1,False,9.1:t1,high,2.0,matched_preferred,[],N2,2,,,,,,,,,terminal:1084_png.rf.c6e7ca8cebbc72caed28bc220d23905e:9.1:t1,Terminal,,N2,2,top,directional,directional_primary,"[149, 554, 162, 591]",153,572,,,,9.1:t1,t1,,,155.07,572.31
,,,,,,20,Polarized_Capacitor,component:1084_png.rf.c6e7ca8cebbc72caed28bc220d23905e:20.1,,,1084_png.rf.c6e7ca8cebbc72caed28bc220d23905e,,horizontal,,,,,20.1,False,20.1:t1,high,2.0,matched_preferred,[],N1,1,,,,,,,,,terminal:1084_png.rf.c6e7ca8cebbc72caed28bc220d23905e:20.1:t1,Terminal,,N1,1,left,directional,directional_primary,"[207, 763, 244, 776]",225,771,,,,20.1:t1,t1,,,224.66,768.96
,,,,,,20,Polarized_Capacitor,component:1084_png.rf.c6e7ca8cebbc72caed28bc220d23905e:20.1,,,1084_png.rf.c6e7ca8cebbc72caed28bc220d23905e,,horizontal,,,,,20.1,False,20.1:t2,high,2.0,matched_preferred,[],N4,4,,,,,,,,,terminal:1084_png.rf.c6e7ca8cebbc72caed28bc220d23905e:20.1:t2,Terminal,,N4,4,right,directional,directional_primary,"[263, 763, 300, 776]",281,771,,,,20.1:t2,t2,,,280.51,768.96
,,,,,,20,Polarized_Capacitor,component:1084_png.rf.c6e7ca8cebbc72caed28bc220d23905e:20.2,,,1084_png.rf.c6e7ca8cebbc72caed28bc220d23905e,,horizontal,,,,,20.2,False,20.2:t1,high,1.0,matched_preferred,[],N2,2,,,,,,,,,terminal:1084_png.rf.c6e7ca8cebbc72caed28bc220d23905e:20.2:t1,Terminal,,N2,2,left,directional,directional_primary,"[207, 533, 244, 546]",225,540,,,,20.2:t1,t1,,,225.07,539.36
,,,,,,20,Polarized_Capacitor,component:1084_png.rf.c6e7ca8cebbc72caed28bc220d23905e:20.2,,,1084_png.rf.c6e7ca8cebbc72caed28bc220d23905e,,horizontal,,,,,20.2,False,20.2:t2,high,1.0,matched_preferred,[],N4,4,,,,,,,,,terminal:1084_png.rf.c6e7ca8cebbc72caed28bc220d23905e:20.2:t2,Terminal,,N4,4,right,directional,directional_primary,"[262, 533, 299, 546]",280,540,,,,20.2:t2,t2,,,280.23,539.36
,,,,,,22,Resistor,component:1084_png.rf.c6e7ca8cebbc72caed28bc220d23905e:22.1,,,1084_png.rf.c6e7ca8cebbc72caed28bc220d23905e,,vertical,,,,,22.1,False,22.1:t1,high,0.0,matched_preferred,[],N4,4,,,,,,,,,terminal:1084_png.rf.c6e7ca8cebbc72caed28bc220d23905e:22.1:t1,Terminal,,N4,4,top,directional,directional_primary,"[359, 784, 372, 821]",365,802,,,,22.1:t1,t1,,,364.77,802.05
,,,,,,22,Resistor,component:1084_png.rf.c6e7ca8cebbc72caed28bc220d23905e:22.1,,,1084_png.rf.c6e7ca8cebbc72caed28bc220d23905e,,vertical,,,,,22.1,False,22.1:t2,high,0.0,matched_preferred,[],N3,3,,,,,,,,,terminal:1084_png.rf.c6e7ca8cebbc72caed28bc220d23905e:22.1:t2,Terminal,,N3,3,bottom,directional,directional_primary,"[359, 906, 372, 943]",365,924,,,,22.1:t2,t2,,,364.77,924.27
,,,,,,22,Resistor,component:1084_png.rf.c6e7ca8cebbc72caed28bc220d23905e:22.2,,,1084_png.rf.c6e7ca8cebbc72caed28bc220d23905e,,vertical,,,,,22.2,False,22.2:t1,high,0.0,matched_preferred,[],N5,5,,,,,,,,,terminal:1084_png.rf.c6e7ca8cebbc72caed28bc220d23905e:22.2:t1,Terminal,,N5,5,top,directional,directional_primary,"[359, 275, 372, 312]",365,293,,,,22.2:t1,t1,,,364.88,292.63
,,,,,,22,Resistor,component:1084_png.rf.c6e7ca8cebbc72caed28bc220d23905e:22.2,,,1084_png.rf.c6e7ca8cebbc72caed28bc220d23905e,,vertical,,,,,22.2,False,22.2:t2,high,0.0,matched_preferred,[],N4,4,,,,,,,,,terminal:1084_png.rf.c6e7ca8cebbc72caed28bc220d23905e:22.2:t2,Terminal,,N4,4,bottom,directional,directional_primary,"[359, 401, 372, 438]",365,419,,,,22.2:t2,t2,,,364.88,418.91
,,,,,,9,GND,component:1084_png.rf.c6e7ca8cebbc72caed28bc220d23905e:9.2,,,1084_png.rf.c6e7ca8cebbc72caed28bc220d23905e,top,up,,,,,9.2,False,9.2:t1,high,0.0,matched_preferred,[],N3,3,,,,,,,,,terminal:1084_png.rf.c6e7ca8cebbc72caed28bc220d23905e:9.2:t1,Terminal,,N3,3,top,directional,directional_primary,"[359, 915, 372, 952]",365,933,,,,9.2:t1,t1,,,365.2,933.16
,,,,,,22,Resistor,component:1084_png.rf.c6e7ca8cebbc72caed28bc220d23905e:22.3,,,1084_png.rf.c6e7ca8cebbc72caed28bc220d23905e,,vertical,,,,,22.3,False,22.3:t1,high,0.0,matched_preferred,[],N4,4,,,,,,,,,terminal:1084_png.rf.c6e7ca8cebbc72caed28bc220d23905e:22.3:t1,Terminal,,N4,4,top,directional,directional_primary,"[534, 790, 547, 827]",540,808,,,,22.3:t1,t1,,,540.25,807.99
,,,,,,22,Resistor,component:1084_png.rf.c6e7ca8cebbc72caed28bc220d23905e:22.3,,,1084_png.rf.c6e7ca8cebbc72caed28bc220d23905e,,vertical,,,,,22.3,False,22.3:t2,high,0.0,matched_preferred,[],N6,6,,,,,,,,,terminal:1084_png.rf.c6e7ca8cebbc72caed28bc220d23905e:22.3:t2,Terminal,,N6,6,bottom,directional,directional_primary,"[534, 905, 547, 942]",540,923,,,,22.3:t2,t2,,,540.25,923.1
,,,,,,22,Resistor,component:1084_png.rf.c6e7ca8cebbc72caed28bc220d23905e:22.4,,,1084_png.rf.c6e7ca8cebbc72caed28bc220d23905e,,vertical,,,,,22.4,False,22.4:t1,high,1.0,matched_preferred,[],N5,5,,,,,,,,,terminal:1084_png.rf.c6e7ca8cebbc72caed28bc220d23905e:22.4:t1,Terminal,,N5,5,top,directional,directional_primary,"[535, 222, 548, 259]",540,240,,,,22.4:t1,t1,,,540.79,239.93
,,,,,,22,Resistor,component:1084_png.rf.c6e7ca8cebbc72caed28bc220d23905e:22.4,,,1084_png.rf.c6e7ca8cebbc72caed28bc220d23905e,,vertical,,,,,22.4,False,22.4:t2,high,1.0,matched_preferred,[],N7,7,,,,,,,,,terminal:1084_png.rf.c6e7ca8cebbc72caed28bc220d23905e:22.4:t2,Terminal,,N7,7,bottom,directional,directional_primary,"[535, 345, 548, 382]",540,363,,,,22.4:t2,t2,,,540.79,362.57
,,,,,,26,Terminal,component:1084_png.rf.c6e7ca8cebbc72caed28bc220d23905e:26.2,,,1084_png.rf.c6e7ca8cebbc72caed28bc220d23905e,,bottom,,,,,26.2,False,26.2:t1,high,1.0,matched_preferred,[],N5,5,,,,,,,,,terminal:1084_png.rf.c6e7ca8cebbc72caed28bc220d23905e:26.2:t1,Terminal,,N5,5,bottom,directional,directional_primary,"[535, 166, 548, 203]",540,184,,,,26.2:t1,t1,,,540.81,183.98
,,,,,,9,GND,component:1084_png.rf.c6e7ca8cebbc72caed28bc220d23905e:9.3,,,1084_png.rf.c6e7ca8cebbc72caed28bc220d23905e,top,up,,,,,9.3,False,9.3:t1,high,1.0,matched_preferred,[],N6,6,,,,,,,,,terminal:1084_png.rf.c6e7ca8cebbc72caed28bc220d23905e:9.3:t1,Terminal,,N6,6,top,directional,directional_primary,"[535, 917, 548, 954]",540,935,,,,9.3:t1,t1,,,541.12,934.96
,,,,,,20,Polarized_Capacitor,component:1084_png.rf.c6e7ca8cebbc72caed28bc220d23905e:20.3,,,1084_png.rf.c6e7ca8cebbc72caed28bc220d23905e,,horizontal,,,,,20.3,False,20.3:t1,high,1.0,matched_preferred,[],N7,7,,,,,,,,,terminal:1084_png.rf.c6e7ca8cebbc72caed28bc220d23905e:20.3:t1,Terminal,,N7,7,left,directional,directional_primary,"[690, 384, 727, 397]",708,391,,,,20.3:t1,t1,,,708.2,389.69
,,,,,,20,Polarized_Capacitor,component:1084_png.rf.c6e7ca8cebbc72caed28bc220d23905e:20.3,,,1084_png.rf.c6e7ca8cebbc72caed28bc220d23905e,,horizontal,,,,,20.3,False,20.3:t2,high,1.0,matched_preferred,[],N8,8,,,,,,,,,terminal:1084_png.rf.c6e7ca8cebbc72caed28bc220d23905e:20.3:t2,Terminal,,N8,8,right,directional,directional_primary,"[743, 384, 780, 397]",761,391,,,,20.3:t2,t2,,,760.78,389.69
,,,,,,26,Terminal,component:1084_png.rf.c6e7ca8cebbc72caed28bc220d23905e:26.3,,,1084_png.rf.c6e7ca8cebbc72caed28bc220d23905e,,horizontal,,,,,26.3,False,26.3:t1,high,1.0,matched_preferred,[],N8,8,,,,,,,,,terminal:1084_png.rf.c6e7ca8cebbc72caed28bc220d23905e:26.3:t1,Terminal,,N8,8,left,directional,directional_primary,"[780, 386, 817, 399]",798,391,,,,26.3:t1,t1,,,797.81,391.81
,,,,,,26,Terminal,component:1084_png.rf.c6e7ca8cebbc72caed28bc220d23905e:26.3,,,1084_png.rf.c6e7ca8cebbc72caed28bc220d23905e,,horizontal,,,,,26.3,False,26.3:t2,high,1.0,matched_preferred,[],N9,9,,,,,,,,,terminal:1084_png.rf.c6e7ca8cebbc72caed28bc220d23905e:26.3:t2,Terminal,,N9,9,right,directional,directional_primary,"[812, 386, 849, 399]",830,391,,,,26.3:t2,t2,,,829.55,391.81
,,,,,,22,Resistor,component:1084_png.rf.c6e7ca8cebbc72caed28bc220d23905e:22.5,,,1084_png.rf.c6e7ca8cebbc72caed28bc220d23905e,,vertical,,,,,22.5,False,22.5:t1,high,0.0,matched_preferred,[],N9,9,,,,,,,,,terminal:1084_png.rf.c6e7ca8cebbc72caed28bc220d23905e:22.5:t1,Terminal,,N9,9,top,directional,directional_primary,"[863, 540, 876, 577]",869,558,,,,22.5:t1,t1,,,868.88,558.41
,,,,,,22,Resistor,component:1084_png.rf.c6e7ca8cebbc72caed28bc220d23905e:22.5,,,1084_png.rf.c6e7ca8cebbc72caed28bc220d23905e,,vertical,,,,,22.5,False,22.5:t2,high,0.0,matched_preferred,[],N10,10,,,,,,,,,terminal:1084_png.rf.c6e7ca8cebbc72caed28bc220d23905e:22.5:t2,Terminal,,N10,10,bottom,directional,directional_primary,"[863, 666, 876, 703]",869,684,,,,22.5:t2,t2,,,868.88,683.91
,,,,,,9,GND,component:1084_png.rf.c6e7ca8cebbc72caed28bc220d23905e:9.4,,,1084_png.rf.c6e7ca8cebbc72caed28bc220d23905e,top,up,,,,,9.4,False,9.4:t1,high,1.0,matched_preferred,[],N10,10,,,,,,,,,terminal:1084_png.rf.c6e7ca8cebbc72caed28bc220d23905e:9.4:t1,Terminal,,N10,10,top,directional,directional_primary,"[864, 690, 877, 727]",869,708,,,,9.4:t1,t1,,,869.9,707.52
128,241,767,779,,,,,,,"[""20.1:t1"", ""26.1:t1""]",1084_png.rf.c6e7ca8cebbc72caed28bc220d23905e,,,,,,,,,N1,,,,,,,,2,,,,,N1,1,net:1084_png.rf.c6e7ca8cebbc72caed28bc220d23905e:N1,Net,125,,,,,,,,,,58,,,,,,,
153,240,539,588,,,,,,,"[""20.2:t1"", ""9.1:t1""]",1084_png.rf.c6e7ca8cebbc72caed28bc220d23905e,,,,,,,,,N2,,,,,,,,2,,,,,N2,2,net:1084_png.rf.c6e7ca8cebbc72caed28bc220d23905e:N2,Net,136,,,,,,,,,,42,,,,,,,
364,366,908,949,,,,,,,"[""22.1:t2"", ""9.2:t1""]",1084_png.rf.c6e7ca8cebbc72caed28bc220d23905e,,,,,,,,,N3,,,,,,,,2,,,,,N3,3,net:1084_png.rf.c6e7ca8cebbc72caed28bc220d23905e:N3,Net,42,,,,,,,,,,77,,,,,,,
263,546,403,821,,,,,,,"[""20.1:t2"", ""20.2:t2"", ""22.1:t1"", ""22.2:t2"", ""22.3:t1""]",1084_png.rf.c6e7ca8cebbc72caed28bc220d23905e,,,,,,,,,N4,,,,,,,,5,,,,,N4,4,net:1084_png.rf.c6e7ca8cebbc72caed28bc220d23905e:N4,Net,1211,,,,,,,,,,29,,,,,,,
364,545,169,308,,,,,,,"[""22.2:t1"", ""22.4:t1"", ""26.2:t1""]",1084_png.rf.c6e7ca8cebbc72caed28bc220d23905e,,,,,,,,,N5,,,,,,,,3,,,,,N5,5,net:1084_png.rf.c6e7ca8cebbc72caed28bc220d23905e:N5,Net,372,,,,,,,,,,8,,,,,,,
540,541,908,949,,,,,,,"[""22.3:t2"", ""9.3:t1""]",1084_png.rf.c6e7ca8cebbc72caed28bc220d23905e,,,,,,,,,N6,,,,,,,,2,,,,,N6,6,net:1084_png.rf.c6e7ca8cebbc72caed28bc220d23905e:N6,Net,42,,,,,,,,,,78,,,,,,,
538,725,347,476,,,,,,,"[""20.3:t1"", ""22.4:t2""]",1084_png.rf.c6e7ca8cebbc72caed28bc220d23905e,,,,,,,,,N7,,,,,,,,2,,,,,N7,7,net:1084_png.rf.c6e7ca8cebbc72caed28bc220d23905e:N7,Net,319,,,,,,,,,,22,,,,,,,
746,805,385,397,,,,,,,"[""20.3:t2"", ""26.3:t1""]",1084_png.rf.c6e7ca8cebbc72caed28bc220d23905e,,,,,,,,,N8,,,,,,,,2,,,,,N8,8,net:1084_png.rf.c6e7ca8cebbc72caed28bc220d23905e:N8,Net,70,,,,,,,,,,27,,,,,,,
822,871,386,574,,,,,,,"[""22.5:t1"", ""26.3:t2""]",1084_png.rf.c6e7ca8cebbc72caed28bc220d23905e,,,,,,,,,N9,,,,,,,,2,,,,,N9,9,net:1084_png.rf.c6e7ca8cebbc72caed28bc220d23905e:N9,Net,242,,,,,,,,,,28,,,,,,,
869,870,668,724,,,,,,,"[""22.5:t2"", ""9.4:t1""]",1084_png.rf.c6e7ca8cebbc72caed28bc220d23905e,,,,,,,,,N10,,,,,,,,2,,,,,N10,10,net:1084_png.rf.c6e7ca8cebbc72caed28bc220d23905e:N10,Net,57,,,,,,,,,,55,,,,,,,
,,,,,,,,,,,1855_png.rf.dbb9347e0504521b9007ff1d77af2ad5,,,1024,1855_png.rf.dbb9347e0504521b9007ff1d77af2ad5.jpg,C:\Users\m.profilo\Desktop\tesi_diagrams_yolo\data\pilot_batch_v1_a\1855_png.rf.dbb9347e0504521b9007ff1d77af2ad5.jpg,1024,,,1855_png.rf.dbb9347e0504521b9007ff1d77af2ad5,,,,,,,9,,18,6,,18,,,diagram:1855_png.rf.dbb9347e0504521b9007ff1d77af2ad5,Diagram,,,,,,,,,,06_match_terminals_to_nets,,,,,,,,
87.62,176.19,719.21,868.42,31,Voltage_Source,,,,0.927,,1855_png.rf.dbb9347e0504521b9007ff1d77af2ad5,,vertical,,,,,31.1,,31.1,,,,,,,,,,,2,,,,component:1855_png.rf.dbb9347e0504521b9007ff1d77af2ad5:31.1,Component,,,,,,,,,,,,two_terminal,,,True,True,,
289.06,376.88,709.46,857.08,31,Voltage_Source,,,,0.9419,,1855_png.rf.dbb9347e0504521b9007ff1d77af2ad5,,vertical,,,,,31.2,,31.2,,,,,,,,,,,2,,,,component:1855_png.rf.dbb9347e0504521b9007ff1d77af2ad5:31.2,Component,,,,,,,,,,,,two_terminal,,,True,True,,
513.63,696.91,525.19,594.02,10,Inductor,,,,0.8591,,1855_png.rf.dbb9347e0504521b9007ff1d77af2ad5,,horizontal,,,,,10.1,,10.1,,,,,,,,,,,2,,,,component:1855_png.rf.dbb9347e0504521b9007ff1d77af2ad5:10.1,Component,,,,,,,,,,,,two_terminal,,,True,True,,
513.75,697.09,102.66,178.11,10,Inductor,,,,0.8426,,1855_png.rf.dbb9347e0504521b9007ff1d77af2ad5,,horizontal,,,,,10.2,,10.2,,,,,,,,,,,2,,,,component:1855_png.rf.dbb9347e0504521b9007ff1d77af2ad5:10.2,Component,,,,,,,,,,,,two_terminal,,,True,True,,
565.5,652.38,639.94,786.12,6,Current_Source,,,,0.9474,,1855_png.rf.dbb9347e0504521b9007ff1d77af2ad5,,horizontal,,,,,6.1,,6.1,,,,,,,,,,,2,,,,component:1855_png.rf.dbb9347e0504521b9007ff1d77af2ad5:6.1,Component,,,,,,,,,,,,two_terminal,,,True,True,,
565.42,652.54,222.9,371.77,6,Current_Source,,,,0.9449,,1855_png.rf.dbb9347e0504521b9007ff1d77af2ad5,,horizontal,,,,,6.2,,6.2,,,,,,,,,,,2,,,,component:1855_png.rf.dbb9347e0504521b9007ff1d77af2ad5:6.2,Component,,,,,,,,,,,,two_terminal,,,True,True,,
835.7,925.6,216.09,306.15,4,Capacitor,,,,0.8658,,1855_png.rf.dbb9347e0504521b9007ff1d77af2ad5,,vertical,,,,,4.1,,4.1,,,,,,,,,,,2,,,,component:1855_png.rf.dbb9347e0504521b9007ff1d77af2ad5:4.1,Component,,,,,,,,,,,,two_terminal,,,True,True,,
837.39,926.1,707.66,856.18,31,Voltage_Source,,,,0.9399,,1855_png.rf.dbb9347e0504521b9007ff1d77af2ad5,,vertical,,,,,31.3,,31.3,,,,,,,,,,,2,,,,component:1855_png.rf.dbb9347e0504521b9007ff1d77af2ad5:31.3,Component,,,,,,,,,,,,two_terminal,,,True,True,,
837.55,926.3,356.26,505.81,31,Voltage_Source,,,,0.9299,,1855_png.rf.dbb9347e0504521b9007ff1d77af2ad5,,vertical,,,,,31.4,,31.4,,,,,,,,,,,2,,,,component:1855_png.rf.dbb9347e0504521b9007ff1d77af2ad5:31.4,Component,,,,,,,,,,,,two_terminal,,,True,True,,
,,,,,,31,Voltage_Source,component:1855_png.rf.dbb9347e0504521b9007ff1d77af2ad5:31.1,,,1855_png.rf.dbb9347e0504521b9007ff1d77af2ad5,,vertical,,,,,31.1,False,31.1:t1,high,0.0,matched_preferred,[],N1,1,,,,,,,,,terminal:1855_png.rf.dbb9347e0504521b9007ff1d77af2ad5:31.1:t1,Terminal,,N1,1,top,directional,directional_primary,"[124, 693, 141, 738]",132,715,,,,31.1:t1,t1,,,131.91,715.21
,,,,,,31,Voltage_Source,component:1855_png.rf.dbb9347e0504521b9007ff1d77af2ad5:31.1,,,1855_png.rf.dbb9347e0504521b9007ff1d77af2ad5,,vertical,,,,,31.1,False,31.1:t2,high,0.0,matched_preferred,[],N3,3,,,,,,,,,terminal:1855_png.rf.dbb9347e0504521b9007ff1d77af2ad5:31.1:t2,Terminal,,N3,3,bottom,directional,directional_primary,"[124, 850, 141, 895]",132,872,,,,31.1:t2,t2,,,131.91,872.42
,,,,,,31,Voltage_Source,component:1855_png.rf.dbb9347e0504521b9007ff1d77af2ad5:31.2,,,1855_png.rf.dbb9347e0504521b9007ff1d77af2ad5,,vertical,,,,,31.2,False,31.2:t1,high,1.0,matched_preferred,[],N2,2,,,,,,,,,terminal:1855_png.rf.dbb9347e0504521b9007ff1d77af2ad5:31.2:t1,Terminal,,N2,2,top,directional,directional_primary,"[325, 683, 342, 728]",332,705,,,,31.2:t1,t1,,,332.97,705.46
,,,,,,31,Voltage_Source,component:1855_png.rf.dbb9347e0504521b9007ff1d77af2ad5:31.2,,,1855_png.rf.dbb9347e0504521b9007ff1d77af2ad5,,vertical,,,,,31.2,False,31.2:t2,high,1.0,matched_preferred,[],N3,3,,,,,,,,,terminal:1855_png.rf.dbb9347e0504521b9007ff1d77af2ad5:31.2:t2,Terminal,,N3,3,bottom,directional,directional_primary,"[325, 839, 342, 884]",332,861,,,,31.2:t2,t2,,,332.97,861.08
,,,,,,10,Inductor,component:1855_png.rf.dbb9347e0504521b9007ff1d77af2ad5:10.1,,,1855_png.rf.dbb9347e0504521b9007ff1d77af2ad5,,horizontal,,,,,10.1,True,10.1:t1,low,14.0,matched_single,"[""no_preferred_net_from_05"", ""matched_without_preferred_label"", ""used_circle_search"", ""large_snap_distance"", ""sensitive_class_large_distance""]",N2,2,,,,,,,,,terminal:1855_png.rf.dbb9347e0504521b9007ff1d77af2ad5:10.1:t1,Terminal,,,,left,circle,circle_primary,"[496, 546, 525, 575]",510,574,,,,10.1:t1,t1,,,509.63,559.61
,,,,,,10,Inductor,component:1855_png.rf.dbb9347e0504521b9007ff1d77af2ad5:10.1,,,1855_png.rf.dbb9347e0504521b9007ff1d77af2ad5,,horizontal,,,,,10.1,True,10.1:t2,low,14.142,matched_single,"[""no_preferred_net_from_05"", ""matched_without_preferred_label"", ""large_snap_distance"", ""sensitive_class_large_distance""]",N5,5,,,,,,,,,terminal:1855_png.rf.dbb9347e0504521b9007ff1d77af2ad5:10.1:t2,Terminal,,,,right,directional,directional_primary,"[671, 550, 732, 571]",687,558,,,,10.1:t2,t2,,,700.91,559.61
,,,,,,10,Inductor,component:1855_png.rf.dbb9347e0504521b9007ff1d77af2ad5:10.2,,,1855_png.rf.dbb9347e0504521b9007ff1d77af2ad5,,horizontal,,,,,10.2,True,10.2:t1,low,31.78,matched_single,"[""no_preferred_net_from_05"", ""matched_without_preferred_label"", ""used_fallback_search"", ""large_snap_distance"", ""very_large_snap_distance"", ""sensitive_class_large_distance""]",N1,1,,,,,,,,,terminal:1855_png.rf.dbb9347e0504521b9007ff1d77af2ad5:10.2:t1,Terminal,,,,left,directional,directional_fallback,"[472, 127, 549, 154]",479,147,,,,10.2:t1,t1,,,509.75,140.38
,,,,,,10,Inductor,component:1855_png.rf.dbb9347e0504521b9007ff1d77af2ad5:10.2,,,1855_png.rf.dbb9347e0504521b9007ff1d77af2ad5,,horizontal,,,,,10.2,True,10.2:t2,low,14.142,matched_single,"[""no_preferred_net_from_05"", ""matched_without_preferred_label"", ""large_snap_distance"", ""sensitive_class_large_distance""]",N4,4,,,,,,,,,terminal:1855_png.rf.dbb9347e0504521b9007ff1d77af2ad5:10.2:t2,Terminal,,,,right,directional,directional_primary,"[671, 130, 732, 151]",687,142,,,,10.2:t2,t2,,,701.09,140.38
,,,,,,6,Current_Source,component:1855_png.rf.dbb9347e0504521b9007ff1d77af2ad5:6.1,,,1855_png.rf.dbb9347e0504521b9007ff1d77af2ad5,,horizontal,,,,,6.1,False,6.1:t1,high,1.0,matched_preferred,[],N2,2,,,,,,,,,terminal:1855_png.rf.dbb9347e0504521b9007ff1d77af2ad5:6.1:t1,Terminal,,N2,2,left,directional,directional_primary,"[540, 705, 585, 722]",562,714,,,,6.1:t1,t1,,,561.5,713.03
,,,,,,6,Current_Source,component:1855_png.rf.dbb9347e0504521b9007ff1d77af2ad5:6.1,,,1855_png.rf.dbb9347e0504521b9007ff1d77af2ad5,,horizontal,,,,,6.1,False,6.1:t2,high,1.0,matched_preferred,[],N5,5,,,,,,,,,terminal:1855_png.rf.dbb9347e0504521b9007ff1d77af2ad5:6.1:t2,Terminal,,N5,5,right,directional,directional_primary,"[634, 705, 679, 722]",656,714,,,,6.1:t2,t2,,,656.38,713.03
,,,,,,6,Current_Source,component:1855_png.rf.dbb9347e0504521b9007ff1d77af2ad5:6.2,,,1855_png.rf.dbb9347e0504521b9007ff1d77af2ad5,,horizontal,,,,,6.2,False,6.2:t1,high,0.0,matched_preferred,[],N1,1,,,,,,,,,terminal:1855_png.rf.dbb9347e0504521b9007ff1d77af2ad5:6.2:t1,Terminal,,N1,1,left,directional,directional_primary,"[539, 289, 584, 306]",561,297,,,,6.2:t1,t1,,,561.42,297.33
,,,,,,6,Current_Source,component:1855_png.rf.dbb9347e0504521b9007ff1d77af2ad5:6.2,,,1855_png.rf.dbb9347e0504521b9007ff1d77af2ad5,,horizontal,,,,,6.2,False,6.2:t2,high,0.0,matched_preferred,[],N4,4,,,,,,,,,terminal:1855_png.rf.dbb9347e0504521b9007ff1d77af2ad5:6.2:t2,Terminal,,N4,4,right,directional,directional_primary,"[635, 289, 680, 306]",657,297,,,,6.2:t2,t2,,,656.54,297.33
,,,,,,4,Capacitor,component:1855_png.rf.dbb9347e0504521b9007ff1d77af2ad5:4.1,,,1855_png.rf.dbb9347e0504521b9007ff1d77af2ad5,,vertical,,,,,4.1,False,4.1:t1,high,0.0,matched_preferred,[],N4,4,,,,,,,,,terminal:1855_png.rf.dbb9347e0504521b9007ff1d77af2ad5:4.1:t1,Terminal,,N4,4,top,directional,directional_primary,"[875, 194, 888, 231]",881,212,,,,4.1:t1,t1,,,880.65,212.09
,,,,,,4,Capacitor,component:1855_png.rf.dbb9347e0504521b9007ff1d77af2ad5:4.1,,,1855_png.rf.dbb9347e0504521b9007ff1d77af2ad5,,vertical,,,,,4.1,False,4.1:t2,high,0.0,matched_preferred,[],N6,6,,,,,,,,,terminal:1855_png.rf.dbb9347e0504521b9007ff1d77af2ad5:4.1:t2,Terminal,,N6,6,bottom,directional,directional_primary,"[875, 292, 888, 329]",881,310,,,,4.1:t2,t2,,,880.65,310.15
,,,,,,31,Voltage_Source,component:1855_png.rf.dbb9347e0504521b9007ff1d77af2ad5:31.3,,,1855_png.rf.dbb9347e0504521b9007ff1d77af2ad5,,vertical,,,,,31.3,False,31.3:t1,high,1.0,matched_preferred,[],N5,5,,,,,,,,,terminal:1855_png.rf.dbb9347e0504521b9007ff1d77af2ad5:31.3:t1,Terminal,,N5,5,top,directional,directional_primary,"[874, 682, 891, 727]",881,704,,,,31.3:t1,t1,,,881.75,703.66
,,,,,,31,Voltage_Source,component:1855_png.rf.dbb9347e0504521b9007ff1d77af2ad5:31.3,,,1855_png.rf.dbb9347e0504521b9007ff1d77af2ad5,,vertical,,,,,31.3,False,31.3:t2,high,1.0,matched_preferred,[],N3,3,,,,,,,,,terminal:1855_png.rf.dbb9347e0504521b9007ff1d77af2ad5:31.3:t2,Terminal,,N3,3,bottom,directional,directional_primary,"[874, 838, 891, 883]",881,860,,,,31.3:t2,t2,,,881.75,860.18
,,,,,,31,Voltage_Source,component:1855_png.rf.dbb9347e0504521b9007ff1d77af2ad5:31.4,,,1855_png.rf.dbb9347e0504521b9007ff1d77af2ad5,,vertical,,,,,31.4,False,31.4:t1,high,1.0,matched_preferred,[],N6,6,,,,,,,,,terminal:1855_png.rf.dbb9347e0504521b9007ff1d77af2ad5:31.4:t1,Terminal,,N6,6,top,directional,directional_primary,"[874, 330, 891, 375]",881,352,,,,31.4:t1,t1,,,881.92,352.26
,,,,,,31,Voltage_Source,component:1855_png.rf.dbb9347e0504521b9007ff1d77af2ad5:31.4,,,1855_png.rf.dbb9347e0504521b9007ff1d77af2ad5,,vertical,,,,,31.4,False,31.4:t2,high,1.0,matched_preferred,[],N5,5,,,,,,,,,terminal:1855_png.rf.dbb9347e0504521b9007ff1d77af2ad5:31.4:t2,Terminal,,N5,5,bottom,directional,directional_primary,"[874, 488, 891, 533]",881,510,,,,31.4:t2,t2,,,881.92,509.81
114,569,136,726,,,,,,,"[""31.1:t1"", ""6.2:t1""]",1855_png.rf.dbb9347e0504521b9007ff1d77af2ad5,,,,,,,,,N1,,,,,,,,2,,,,,N1,1,net:1855_png.rf.dbb9347e0504521b9007ff1d77af2ad5:N1,Net,1329,,,,,,,,,,4,,,,,,,
315,569,553,745,,,,,,,"[""31.2:t1"", ""6.1:t1""]",1855_png.rf.dbb9347e0504521b9007ff1d77af2ad5,,,,,,,,,N2,,,,,,,,2,,,,,N2,2,net:1855_png.rf.dbb9347e0504521b9007ff1d77af2ad5:N2,Net,705,,,,,,,,,,23,,,,,,,
115,898,848,1000,,,,,,,"[""31.1:t2"", ""31.2:t2"", ""31.3:t2""]",1855_png.rf.dbb9347e0504521b9007ff1d77af2ad5,,,,,,,,,N3,,,,,,,,3,,,,,N3,3,net:1855_png.rf.dbb9347e0504521b9007ff1d77af2ad5:N3,Net,1259,,,,,,,,,,44,,,,,,,
648,881,137,325,,,,,,,"[""4.1:t1"", ""6.2:t2""]",1855_png.rf.dbb9347e0504521b9007ff1d77af2ad5,,,,,,,,,N4,,,,,,,,2,,,,,N4,4,net:1855_png.rf.dbb9347e0504521b9007ff1d77af2ad5:N4,Net,572,,,,,,,,,,5,,,,,,,
648,900,494,742,,,,,,,"[""31.3:t1"", ""31.4:t2"", ""6.1:t2""]",1855_png.rf.dbb9347e0504521b9007ff1d77af2ad5,,,,,,,,,N5,,,,,,,,3,,,,,N5,5,net:1855_png.rf.dbb9347e0504521b9007ff1d77af2ad5:N5,Net,824,,,,,,,,,,21,,,,,,,
862,900,294,363,,,,,,,"[""31.4:t1"", ""4.1:t2""]",1855_png.rf.dbb9347e0504521b9007ff1d77af2ad5,,,,,,,,,N6,,,,,,,,2,,,,,N6,6,net:1855_png.rf.dbb9347e0504521b9007ff1d77af2ad5:N6,Net,105,,,,,,,,,,9,,,,,,,
,,,,,,,,,,,ele43_png.rf.a1b6edbe8d71413e1e59354752fc265b,,,1024,ele43_png.rf.a1b6edbe8d71413e1e59354752fc265b.jpg,C:\Users\m.profilo\Desktop\tesi_diagrams_yolo\data\pilot_batch_v1_a\ele43_png.rf.a1b6edbe8d71413e1e59354752fc265b.jpg,1024,,,ele43_png.rf.a1b6edbe8d71413e1e59354752fc265b,,,,,,,17,,28,12,,28,,,diagram:ele43_png.rf.a1b6edbe8d71413e1e59354752fc265b,Diagram,,,,,,,,,,06_match_terminals_to_nets,,,,,,,,
49.33,76.4,504.42,574.89,9,GND,,,,0.8154,,ele43_png.rf.a1b6edbe8d71413e1e59354752fc265b,top,up,,,,,9.1,,9.1,,,,,,,,,,,1,,,,component:ele43_png.rf.a1b6edbe8d71413e1e59354752fc265b:9.1,Component,,,,,,,,,,,,one_terminal,,,True,True,,
45.15,81.24,239.0,377.64,2,Battery,,,,0.8662,,ele43_png.rf.a1b6edbe8d71413e1e59354752fc265b,,,,,,,2.1,,2.1,,,,,,,,,,,2,,,,component:ele43_png.rf.a1b6edbe8d71413e1e59354752fc265b:2.1,Component,,,,,,,,,,,,two_terminal,,,True,True,,
123.13,191.74,87.17,182.11,8,Fuse,,,,0.906,,ele43_png.rf.a1b6edbe8d71413e1e59354752fc265b,,horizontal,,,,,8.1,,8.1,,,,,,,,,,,2,,,,component:ele43_png.rf.a1b6edbe8d71413e1e59354752fc265b:8.1,Component,,,,,,,,,,,,two_terminal,,,True,True,,
272.41,338.69,61.73,170.34,25,Switch,,,,0.8419,,ele43_png.rf.a1b6edbe8d71413e1e59354752fc265b,,horizontal,,,,,25.1,,25.1,,,,,,,,,,,2,,,,component:ele43_png.rf.a1b6edbe8d71413e1e59354752fc265b:25.1,Component,,,,,,,,,,,,two_terminal,,,True,True,,
358.3,385.09,615.05,681.18,9,GND,,,,0.8097,,ele43_png.rf.a1b6edbe8d71413e1e59354752fc265b,top,up,,,,,9.2,,9.2,,,,,,,,,,,1,,,,component:ele43_png.rf.a1b6edbe8d71413e1e59354752fc265b:9.2,Component,,,,,,,,,,,,one_terminal,,,True,True,,
348.89,396.25,330.89,487.94,15,Meter,,,,0.9181,,ele43_png.rf.a1b6edbe8d71413e1e59354752fc265b,,vertical,,,,,15.1,,15.1,,,,,,,,,,,2,,,,component:ele43_png.rf.a1b6edbe8d71413e1e59354752fc265b:15.1,Component,,,,,,,,,,,,two_terminal,,,True,True,,
453.67,478.75,955.85,1018.38,9,GND,,,,0.8241,,ele43_png.rf.a1b6edbe8d71413e1e59354752fc265b,top,up,,,,,9.3,,9.3,,,,,,,,,,,1,,,,component:ele43_png.rf.a1b6edbe8d71413e1e59354752fc265b:9.3,Component,,,,,,,,,,,,one_terminal,,,True,True,,
443.32,490.76,673.29,827.64,13,Lamp,,,,0.8517,,ele43_png.rf.a1b6edbe8d71413e1e59354752fc265b,,vertical,,,,,13.1,,13.1,,,,,,,,,,,2,,,,component:ele43_png.rf.a1b6edbe8d71413e1e59354752fc265b:13.1,Component,,,,,,,,,,,,two_terminal,,,True,True,,
451.5,496.45,314.52,525.08,30,Variable_Resistor,,,,0.8087,,ele43_png.rf.a1b6edbe8d71413e1e59354752fc265b,,vertical,,,,,30.1,,30.1,,,,,,,,,,,2,,,,component:ele43_png.rf.a1b6edbe8d71413e1e59354752fc265b:30.1,Component,,,,,,,,,,,,two_terminal,,,True,True,,
561.13,586.4,954.03,1019.09,9,GND,,,,0.8277,,ele43_png.rf.a1b6edbe8d71413e1e59354752fc265b,top,up,,,,,9.4,,9.4,,,,,,,,,,,1,,,,component:ele43_png.rf.a1b6edbe8d71413e1e59354752fc265b:9.4,Component,,,,,,,,,,,,one_terminal,,,True,True,,
550.64,597.67,310.16,520.15,30,Variable_Resistor,,,,0.8249,,ele43_png.rf.a1b6edbe8d71413e1e59354752fc265b,,vertical,,,,,30.2,,30.2,,,,,,,,,,,2,,,,component:ele43_png.rf.a1b6edbe8d71413e1e59354752fc265b:30.2,Component,,,,,,,,,,,,two_terminal,,,True,True,,
560.55,587.79,690.56,807.49,4,Capacitor,,,,0.7664,,ele43_png.rf.a1b6edbe8d71413e1e59354752fc265b,,vertical,,,,,4.1,,4.1,,,,,,,,,,,2,,,,component:ele43_png.rf.a1b6edbe8d71413e1e59354752fc265b:4.1,Component,,,,,,,,,,,,two_terminal,,,True,True,,
663.6,699.21,699.97,803.99,7,Diode,,,,0.8756,,ele43_png.rf.a1b6edbe8d71413e1e59354752fc265b,,vertical,,,,,7.1,,7.1,,,,,,,,,,,2,,,,component:ele43_png.rf.a1b6edbe8d71413e1e59354752fc265b:7.1,Component,,,,,,,,,,,,two_terminal,,,True,True,,
668.4,694.61,953.68,1019.19,9,GND,,,,0.8078,,ele43_png.rf.a1b6edbe8d71413e1e59354752fc265b,top,up,,,,,9.5,,9.5,,,,,,,,,,,1,,,,component:ele43_png.rf.a1b6edbe8d71413e1e59354752fc265b:9.5,Component,,,,,,,,,,,,one_terminal,,,True,True,,
671.45,701.22,319.16,511.56,10,Inductor,,,,0.8153,,ele43_png.rf.a1b6edbe8d71413e1e59354752fc265b,,vertical,,,,,10.1,,10.1,,,,,,,,,,,2,,,,component:ele43_png.rf.a1b6edbe8d71413e1e59354752fc265b:10.1,Component,,,,,,,,,,,,two_terminal,,,True,True,,
850.93,899.13,54.09,216.44,15,Meter,,,,0.9122,,ele43_png.rf.a1b6edbe8d71413e1e59354752fc265b,,horizontal,,,,,15.2,,15.2,,,,,,,,,,,2,,,,component:ele43_png.rf.a1b6edbe8d71413e1e59354752fc265b:15.2,Component,,,,,,,,,,,,two_terminal,,,True,True,,
965.46,990.49,76.39,196.03,26,Terminal,,,,0.7993,,ele43_png.rf.a1b6edbe8d71413e1e59354752fc265b,,left,,,,,26.1,,26.1,,,,,,,,,,,1,,,,component:ele43_png.rf.a1b6edbe8d71413e1e59354752fc265b:26.1,Component,,,,,,,,,,,,one_terminal,,,True,True,,
,,,,,,9,GND,component:ele43_png.rf.a1b6edbe8d71413e1e59354752fc265b:9.1,,,ele43_png.rf.a1b6edbe8d71413e1e59354752fc265b,top,up,,,,,9.1,False,9.1:t1,high,1.0,matched_preferred,[],N1,1,,,,,,,,,terminal:ele43_png.rf.a1b6edbe8d71413e1e59354752fc265b:9.1:t1,Terminal,,N1,1,top,directional,directional_primary,"[57, 482, 70, 519]",62,500,,,,9.1:t1,t1,,,62.87,500.42
,,,,,,2,Battery,component:ele43_png.rf.a1b6edbe8d71413e1e59354752fc265b:2.1,,,ele43_png.rf.a1b6edbe8d71413e1e59354752fc265b,,,,,,,2.1,False,2.1:t1,high,1.0,matched_preferred,[],N2,2,,,,,,,,,terminal:ele43_png.rf.a1b6edbe8d71413e1e59354752fc265b:2.1:t1,Terminal,,N2,2,top,directional,directional_primary,"[57, 217, 70, 254]",62,235,,,,2.1:t1,t1,,,63.19,235.0
,,,,,,2,Battery,component:ele43_png.rf.a1b6edbe8d71413e1e59354752fc265b:2.1,,,ele43_png.rf.a1b6edbe8d71413e1e59354752fc265b,,,,,,,2.1,False,2.1:t2,high,1.0,matched_preferred,[],N1,1,,,,,,,,,terminal:ele43_png.rf.a1b6edbe8d71413e1e59354752fc265b:2.1:t2,Terminal,,N1,1,bottom,directional,directional_primary,"[57, 364, 70, 401]",62,382,,,,2.1:t2,t2,,,63.19,381.64
,,,,,,8,Fuse,component:ele43_png.rf.a1b6edbe8d71413e1e59354752fc265b:8.1,,,ele43_png.rf.a1b6edbe8d71413e1e59354752fc265b,,horizontal,,,,,8.1,False,8.1:t1,high,4.0,matched_preferred,[],N2,2,,,,,,,,,terminal:ele43_png.rf.a1b6edbe8d71413e1e59354752fc265b:8.1:t1,Terminal,,N2,2,left,directional,directional_primary,"[101, 129, 138, 142]",119,131,,,,8.1:t1,t1,,,119.13,134.64
,,,,,,8,Fuse,component:ele43_png.rf.a1b6edbe8d71413e1e59354752fc265b:8.1,,,ele43_png.rf.a1b6edbe8d71413e1e59354752fc265b,,horizontal,,,,,8.1,False,8.1:t2,high,4.0,matched_preferred,[],N3,3,,,,,,,,,terminal:ele43_png.rf.a1b6edbe8d71413e1e59354752fc265b:8.1:t2,Terminal,,N3,3,right,directional,directional_primary,"[178, 129, 215, 142]",196,131,,,,8.1:t2,t2,,,195.74,134.64
,,,,,,25,Switch,component:ele43_png.rf.a1b6edbe8d71413e1e59354752fc265b:25.1,,,ele43_png.rf.a1b6edbe8d71413e1e59354752fc265b,,horizontal,,,,,25.1,True,25.1:t1,low,15.0,matched_single,"[""no_preferred_net_from_05"", ""matched_without_preferred_label"", ""used_fallback_search"", ""large_snap_distance"", ""sensitive_class_large_distance""]",N3,3,,,,,,,,,terminal:ele43_png.rf.a1b6edbe8d71413e1e59354752fc265b:25.1:t1,Terminal,,,,left,circle,circle_fallback,"[238, 86, 299, 147]",268,131,,,,25.1:t1,t1,,,268.41,116.03
,,,,,,25,Switch,component:ele43_png.rf.a1b6edbe8d71413e1e59354752fc265b:25.1,,,ele43_png.rf.a1b6edbe8d71413e1e59354752fc265b,,horizontal,,,,,25.1,True,25.1:t2,low,28.071,matched_single,"[""no_preferred_net_from_05"", ""matched_without_preferred_label"", ""large_snap_distance"", ""very_large_snap_distance"", ""sensitive_class_large_distance""]",N9,9,,,,,,,,,terminal:ele43_png.rf.a1b6edbe8d71413e1e59354752fc265b:25.1:t2,Terminal,,,,right,directional,directional_primary,"[313, 106, 374, 127]",371,118,,,,25.1:t2,t2,,,342.69,116.03
,,,,,,9,GND,component:ele43_png.rf.a1b6edbe8d71413e1e59354752fc265b:9.2,,,ele43_png.rf.a1b6edbe8d71413e1e59354752fc265b,top,up,,,,,9.2,False,9.2:t1,high,0.0,matched_preferred,[],N4,4,,,,,,,,,terminal:ele43_png.rf.a1b6edbe8d71413e1e59354752fc265b:9.2:t1,Terminal,,N4,4,top,directional,directional_primary,"[366, 593, 379, 630]",372,611,,,,9.2:t1,t1,,,371.69,611.05
,,,,,,15,Meter,component:ele43_png.rf.a1b6edbe8d71413e1e59354752fc265b:15.1,,,ele43_png.rf.a1b6edbe8d71413e1e59354752fc265b,,vertical,,,,,15.1,False,15.1:t1,high,1.0,matched_preferred,[],N9,9,,,,,,,,,terminal:ele43_png.rf.a1b6edbe8d71413e1e59354752fc265b:15.1:t1,Terminal,,N9,9,top,directional,directional_primary,"[365, 305, 382, 350]",372,327,,,,15.1:t1,t1,,,372.57,326.89
,,,,,,15,Meter,component:ele43_png.rf.a1b6edbe8d71413e1e59354752fc265b:15.1,,,ele43_png.rf.a1b6edbe8d71413e1e59354752fc265b,,vertical,,,,,15.1,False,15.1:t2,high,1.0,matched_preferred,[],N4,4,,,,,,,,,terminal:ele43_png.rf.a1b6edbe8d71413e1e59354752fc265b:15.1:t2,Terminal,,N4,4,bottom,directional,directional_primary,"[365, 470, 382, 515]",372,492,,,,15.1:t2,t2,,,372.57,491.94
,,,,,,9,GND,component:ele43_png.rf.a1b6edbe8d71413e1e59354752fc265b:9.3,,,ele43_png.rf.a1b6edbe8d71413e1e59354752fc265b,top,up,,,,,9.3,False,9.3:t1,high,1.0,matched_preferred,[],N6,6,,,,,,,,,terminal:ele43_png.rf.a1b6edbe8d71413e1e59354752fc265b:9.3:t1,Terminal,,N6,6,top,directional,directional_primary,"[460, 934, 473, 971]",465,952,,,,9.3:t1,t1,,,466.21,951.85
,,,,,,13,Lamp,component:ele43_png.rf.a1b6edbe8d71413e1e59354752fc265b:13.1,,,ele43_png.rf.a1b6edbe8d71413e1e59354752fc265b,,vertical,,,,,13.1,False,13.1:t1,high,2.0,matched_preferred,[],N5,5,,,,,,,,,terminal:ele43_png.rf.a1b6edbe8d71413e1e59354752fc265b:13.1:t1,Terminal,,N5,5,top,directional,directional_primary,"[461, 651, 474, 688]",465,669,,,,13.1:t1,t1,,,467.04,669.29
,,,,,,13,Lamp,component:ele43_png.rf.a1b6edbe8d71413e1e59354752fc265b:13.1,,,ele43_png.rf.a1b6edbe8d71413e1e59354752fc265b,,vertical,,,,,13.1,False,13.1:t2,high,2.0,matched_preferred,[],N6,6,,,,,,,,,terminal:ele43_png.rf.a1b6edbe8d71413e1e59354752fc265b:13.1:t2,Terminal,,N6,6,bottom,directional,directional_primary,"[461, 814, 474, 851]",465,832,,,,13.1:t2,t2,,,467.04,831.64
,,,,,,30,Variable_Resistor,component:ele43_png.rf.a1b6edbe8d71413e1e59354752fc265b:30.1,,,ele43_png.rf.a1b6edbe8d71413e1e59354752fc265b,,vertical,,,,,30.1,False,30.1:t1,medium,8.0,matched_preferred,"[""used_circle_search""]",N9,9,,,,,,,,,terminal:ele43_png.rf.a1b6edbe8d71413e1e59354752fc265b:30.1:t1,Terminal,,N9,9,top,circle,circle_primary,"[464, 301, 485, 322]",466,311,,,,30.1:t1,t1,,,473.98,310.52
,,,,,,30,Variable_Resistor,component:ele43_png.rf.a1b6edbe8d71413e1e59354752fc265b:30.1,,,ele43_png.rf.a1b6edbe8d71413e1e59354752fc265b,,vertical,,,,,30.1,False,30.1:t2,medium,8.0,matched_preferred,"[""used_circle_search""]",N5,5,,,,,,,,,terminal:ele43_png.rf.a1b6edbe8d71413e1e59354752fc265b:30.1:t2,Terminal,,N5,5,bottom,circle,circle_primary,"[464, 519, 485, 540]",466,529,,,,30.1:t2,t2,,,473.98,529.08
,,,,,,9,GND,component:ele43_png.rf.a1b6edbe8d71413e1e59354752fc265b:9.4,,,ele43_png.rf.a1b6edbe8d71413e1e59354752fc265b,top,up,,,,,9.4,False,9.4:t1,high,1.0,matched_preferred,[],N8,8,,,,,,,,,terminal:ele43_png.rf.a1b6edbe8d71413e1e59354752fc265b:9.4:t1,Terminal,,N8,8,top,directional,directional_primary,"[568, 932, 581, 969]",573,950,,,,9.4:t1,t1,,,573.76,950.03
,,,,,,30,Variable_Resistor,component:ele43_png.rf.a1b6edbe8d71413e1e59354752fc265b:30.2,,,ele43_png.rf.a1b6edbe8d71413e1e59354752fc265b,,vertical,,,,,30.2,False,30.2:t1,high,1.0,matched_preferred,[],N9,9,,,,,,,,,terminal:ele43_png.rf.a1b6edbe8d71413e1e59354752fc265b:30.2:t1,Terminal,,N9,9,top,directional,directional_primary,"[568, 288, 581, 325]",573,306,,,,30.2:t1,t1,,,574.15,306.16
,,,,,,30,Variable_Resistor,component:ele43_png.rf.a1b6edbe8d71413e1e59354752fc265b:30.2,,,ele43_png.rf.a1b6edbe8d71413e1e59354752fc265b,,vertical,,,,,30.2,False,30.2:t2,high,1.0,matched_preferred,[],N7,7,,,,,,,,,terminal:ele43_png.rf.a1b6edbe8d71413e1e59354752fc265b:30.2:t2,Terminal,,N7,7,bottom,directional,directional_primary,"[568, 506, 581, 543]",573,524,,,,30.2:t2,t2,,,574.15,524.15
,,,,,,4,Capacitor,component:ele43_png.rf.a1b6edbe8d71413e1e59354752fc265b:4.1,,,ele43_png.rf.a1b6edbe8d71413e1e59354752fc265b,,vertical,,,,,4.1,False,4.1:t1,high,1.0,matched_preferred,[],N7,7,,,,,,,,,terminal:ele43_png.rf.a1b6edbe8d71413e1e59354752fc265b:4.1:t1,Terminal,,N7,7,top,directional,directional_primary,"[568, 669, 581, 706]",573,687,,,,4.1:t1,t1,,,574.17,686.56
,,,,,,4,Capacitor,component:ele43_png.rf.a1b6edbe8d71413e1e59354752fc265b:4.1,,,ele43_png.rf.a1b6edbe8d71413e1e59354752fc265b,,vertical,,,,,4.1,False,4.1:t2,high,1.0,matched_preferred,[],N8,8,,,,,,,,,terminal:ele43_png.rf.a1b6edbe8d71413e1e59354752fc265b:4.1:t2,Terminal,,N8,8,bottom,directional,directional_primary,"[568, 793, 581, 830]",573,811,,,,4.1:t2,t2,,,574.17,811.49
,,,,,,7,Diode,component:ele43_png.rf.a1b6edbe8d71413e1e59354752fc265b:7.1,,,ele43_png.rf.a1b6edbe8d71413e1e59354752fc265b,,vertical,,,,,7.1,False,7.1:t1,high,0.0,matched_preferred,[],N10,10,,,,,,,,,terminal:ele43_png.rf.a1b6edbe8d71413e1e59354752fc265b:7.1:t1,Terminal,,N10,10,top,directional,directional_primary,"[675, 678, 688, 715]",681,696,,,,7.1:t1,t1,,,681.4,695.97
,,,,,,7,Diode,component:ele43_png.rf.a1b6edbe8d71413e1e59354752fc265b:7.1,,,ele43_png.rf.a1b6edbe8d71413e1e59354752fc265b,,vertical,,,,,7.1,False,7.1:t2,high,0.0,matched_preferred,[],N11,11,,,,,,,,,terminal:ele43_png.rf.a1b6edbe8d71413e1e59354752fc265b:7.1:t2,Terminal,,N11,11,bottom,directional,directional_primary,"[675, 790, 688, 827]",681,808,,,,7.1:t2,t2,,,681.4,807.99
,,,,,,9,GND,component:ele43_png.rf.a1b6edbe8d71413e1e59354752fc265b:9.5,,,ele43_png.rf.a1b6edbe8d71413e1e59354752fc265b,top,up,,,,,9.5,False,9.5:t1,high,1.0,matched_preferred,[],N11,11,,,,,,,,,terminal:ele43_png.rf.a1b6edbe8d71413e1e59354752fc265b:9.5:t1,Terminal,,N11,11,top,directional,directional_primary,"[676, 932, 689, 969]",681,950,,,,9.5:t1,t1,,,681.5,949.68
,,,,,,10,Inductor,component:ele43_png.rf.a1b6edbe8d71413e1e59354752fc265b:10.1,,,ele43_png.rf.a1b6edbe8d71413e1e59354752fc265b,,vertical,,,,,10.1,False,10.1:t1,high,5.0,matched_preferred,[],N9,9,,,,,,,,,terminal:ele43_png.rf.a1b6edbe8d71413e1e59354752fc265b:10.1:t1,Terminal,,N9,9,top,directional,directional_primary,"[676, 285, 697, 346]",681,315,,,,10.1:t1,t1,,,686.34,315.16
,,,,,,10,Inductor,component:ele43_png.rf.a1b6edbe8d71413e1e59354752fc265b:10.1,,,ele43_png.rf.a1b6edbe8d71413e1e59354752fc265b,,vertical,,,,,10.1,False,10.1:t2,high,5.0,matched_preferred,[],N10,10,,,,,,,,,terminal:ele43_png.rf.a1b6edbe8d71413e1e59354752fc265b:10.1:t2,Terminal,,N10,10,bottom,directional,directional_primary,"[676, 486, 697, 547]",681,516,,,,10.1:t2,t2,,,686.34,515.56
,,,,,,15,Meter,component:ele43_png.rf.a1b6edbe8d71413e1e59354752fc265b:15.2,,,ele43_png.rf.a1b6edbe8d71413e1e59354752fc265b,,horizontal,,,,,15.2,False,15.2:t1,high,4.0,matched_preferred,[],N9,9,,,,,,,,,terminal:ele43_png.rf.a1b6edbe8d71413e1e59354752fc265b:15.2:t1,Terminal,,N9,9,left,directional,directional_primary,"[825, 127, 870, 144]",847,131,,,,15.2:t1,t1,,,846.93,135.26
,,,,,,15,Meter,component:ele43_png.rf.a1b6edbe8d71413e1e59354752fc265b:15.2,,,ele43_png.rf.a1b6edbe8d71413e1e59354752fc265b,,horizontal,,,,,15.2,False,15.2:t2,high,4.0,matched_preferred,[],N12,12,,,,,,,,,terminal:ele43_png.rf.a1b6edbe8d71413e1e59354752fc265b:15.2:t2,Terminal,,N12,12,right,directional,directional_primary,"[881, 127, 926, 144]",903,131,,,,15.2:t2,t2,,,903.13,135.26
,,,,,,26,Terminal,component:ele43_png.rf.a1b6edbe8d71413e1e59354752fc265b:26.1,,,ele43_png.rf.a1b6edbe8d71413e1e59354752fc265b,,left,,,,,26.1,False,26.1:t1,high,5.0,matched_preferred,[],N12,12,,,,,,,,,terminal:ele43_png.rf.a1b6edbe8d71413e1e59354752fc265b:26.1:t1,Terminal,,N12,12,left,directional,directional_primary,"[943, 130, 980, 143]",961,131,,,,26.1:t1,t1,,,961.46,136.21
62,63,364,517,,,,,,,"[""2.1:t2"", ""9.1:t1""]",ele43_png.rf.a1b6edbe8d71413e1e59354752fc265b,,,,,,,,,N1,,,,,,,,2,,,,,N1,1,net:ele43_png.rf.a1b6edbe8d71413e1e59354752fc265b:N1,Net,154,,,,,,,,,,23,,,,,,,
62,131,131,252,,,,,,,"[""2.1:t1"", ""8.1:t1""]",ele43_png.rf.a1b6edbe8d71413e1e59354752fc265b,,,,,,,,,N2,,,,,,,,2,,,,,N2,2,net:ele43_png.rf.a1b6edbe8d71413e1e59354752fc265b:N2,Net,193,,,,,,,,,,19,,,,,,,
184,272,131,139,,,,,,,"[""8.1:t2""]",ele43_png.rf.a1b6edbe8d71413e1e59354752fc265b,,,,,,,,,N3,,,,,,,,1,,,,,N3,3,net:ele43_png.rf.a1b6edbe8d71413e1e59354752fc265b:N3,Net,93,,,,,,,,,,20,,,,,,,
372,375,476,628,,,,,,,"[""15.1:t2"", ""9.2:t1""]",ele43_png.rf.a1b6edbe8d71413e1e59354752fc265b,,,,,,,,,N4,,,,,,,,2,,,,,N4,4,net:ele43_png.rf.a1b6edbe8d71413e1e59354752fc265b:N4,Net,155,,,,,,,,,,29,,,,,,,
465,469,513,685,,,,,,,"[""13.1:t1"", ""30.1:t2""]",ele43_png.rf.a1b6edbe8d71413e1e59354752fc265b,,,,,,,,,N5,,,,,,,,2,,,,,N5,5,net:ele43_png.rf.a1b6edbe8d71413e1e59354752fc265b:N5,Net,174,,,,,,,,,,32,,,,,,,
465,471,817,969,,,,,,,"[""13.1:t2"", ""9.3:t1""]",ele43_png.rf.a1b6edbe8d71413e1e59354752fc265b,,,,,,,,,N6,,,,,,,,2,,,,,N6,6,net:ele43_png.rf.a1b6edbe8d71413e1e59354752fc265b:N6,Net,157,,,,,,,,,,40,,,,,,,
573,574,506,704,,,,,,,"[""30.2:t2"", ""4.1:t1""]",ele43_png.rf.a1b6edbe8d71413e1e59354752fc265b,,,,,,,,,N7,,,,,,,,2,,,,,N7,7,net:ele43_png.rf.a1b6edbe8d71413e1e59354752fc265b:N7,Net,199,,,,,,,,,,31,,,,,,,
573,574,793,967,,,,,,,"[""4.1:t2"", ""9.4:t1""]",ele43_png.rf.a1b6edbe8d71413e1e59354752fc265b,,,,,,,,,N8,,,,,,,,2,,,,,N8,8,net:ele43_png.rf.a1b6edbe8d71413e1e59354752fc265b:N8,Net,175,,,,,,,,,,38,,,,,,,
337,854,118,342,,,,,,,"[""10.1:t1"", ""15.1:t1"", ""15.2:t1"", ""30.1:t1"", ""30.2:t1""]",ele43_png.rf.a1b6edbe8d71413e1e59354752fc265b,,,,,,,,,N9,,,,,,,,5,,,,,N9,9,net:ele43_png.rf.a1b6edbe8d71413e1e59354752fc265b:N9,Net,1652,,,,,,,,,,18,,,,,,,
681,681,501,713,,,,,,,"[""10.1:t2"", ""7.1:t1""]",ele43_png.rf.a1b6edbe8d71413e1e59354752fc265b,,,,,,,,,N10,,,,,,,,2,,,,,N10,10,net:ele43_png.rf.a1b6edbe8d71413e1e59354752fc265b:N10,Net,213,,,,,,,,,,30,,,,,,,
681,682,792,967,,,,,,,"[""7.1:t2"", ""9.5:t1""]",ele43_png.rf.a1b6edbe8d71413e1e59354752fc265b,,,,,,,,,N11,,,,,,,,2,,,,,N11,11,net:ele43_png.rf.a1b6edbe8d71413e1e59354752fc265b:N11,Net,176,,,,,,,,,,39,,,,,,,
895,977,131,141,,,,,,,"[""15.2:t2"", ""26.1:t1""]",ele43_png.rf.a1b6edbe8d71413e1e59354752fc265b,,,,,,,,,N12,,,,,,,,2,,,,,N12,12,net:ele43_png.rf.a1b6edbe8d71413e1e59354752fc265b:N12,Net,100,,,,,,,,,,21,,,,,,,
,,,,,,,,,,,spider_images_14477_png.rf.411d3d74021bf4ebb4f40824f716c0a9,,,1024,spider_images_14477_png.rf.411d3d74021bf4ebb4f40824f716c0a9.jpg,C:\Users\m.profilo\Desktop\tesi_diagrams_yolo\data\pilot_batch_v1_a\spider_images_14477_png.rf.411d3d74021bf4ebb4f40824f716c0a9.jpg,1024,,,spider_images_14477_png.rf.411d3d74021bf4ebb4f40824f716c0a9,,,,,,,14,,21,9,,21,,,diagram:spider_images_14477_png.rf.411d3d74021bf4ebb4f40824f716c0a9,Diagram,,,,,,,,,,06_match_terminals_to_nets,,,,,,,,
78.62,116.6,785.27,848.26,9,GND,,,,0.836,,spider_images_14477_png.rf.411d3d74021bf4ebb4f40824f716c0a9,top,up,,,,,9.1,,9.1,,,,,,,,,,,1,,,,component:spider_images_14477_png.rf.411d3d74021bf4ebb4f40824f716c0a9:9.1,Component,,,,,,,,,,,,one_terminal,,,True,True,,
71.51,124.12,567.08,610.95,4,Capacitor,,,,0.8093,,spider_images_14477_png.rf.411d3d74021bf4ebb4f40824f716c0a9,,vertical,,,,,4.1,,4.1,,,,,,,,,,,2,,,,component:spider_images_14477_png.rf.411d3d74021bf4ebb4f40824f716c0a9:4.1,Component,,,,,,,,,,,,two_terminal,,,True,True,,
270.0,296.59,603.33,744.47,22,Resistor,,,,0.7878,,spider_images_14477_png.rf.411d3d74021bf4ebb4f40824f716c0a9,,vertical,,,,,22.1,,22.1,,,,,,,,,,,2,,,,component:spider_images_14477_png.rf.411d3d74021bf4ebb4f40824f716c0a9:22.1,Component,,,,,,,,,,,,two_terminal,,,True,True,,
264.03,302.86,758.01,819.45,9,GND,,,,0.8184,,spider_images_14477_png.rf.411d3d74021bf4ebb4f40824f716c0a9,top,up,,,,,9.2,,9.2,,,,,,,,,,,1,,,,component:spider_images_14477_png.rf.411d3d74021bf4ebb4f40824f716c0a9:9.2,Component,,,,,,,,,,,,one_terminal,,,True,True,,
268.12,299.13,247.51,389.13,22,Resistor,,,,0.7884,,spider_images_14477_png.rf.411d3d74021bf4ebb4f40824f716c0a9,,vertical,,,,,22.2,,22.2,,,,,,,,,,,2,,,,component:spider_images_14477_png.rf.411d3d74021bf4ebb4f40824f716c0a9:22.2,Component,,,,,,,,,,,,two_terminal,,,True,True,,
505.2,572.58,438.26,612.32,18,NPN_Transistor,,,,0.8131,,spider_images_14477_png.rf.411d3d74021bf4ebb4f40824f716c0a9,,,,,,,18.1,,18.1,,,,,,,,,,,0,,,,component:spider_images_14477_png.rf.411d3d74021bf4ebb4f40824f716c0a9:18.1,Component,,,,,,,,,,,,multi_terminal,,,True,False,,
541.09,567.64,731.45,867.94,22,Resistor,,,,0.7724,,spider_images_14477_png.rf.411d3d74021bf4ebb4f40824f716c0a9,,vertical,,,,,22.3,,22.3,,,,,,,,,,,2,,,,component:spider_images_14477_png.rf.411d3d74021bf4ebb4f40824f716c0a9:22.3,Component,,,,,,,,,,,,two_terminal,,,True,True,,
536.12,573.41,906.28,968.36,9,GND,,,,0.8096,,spider_images_14477_png.rf.411d3d74021bf4ebb4f40824f716c0a9,top,up,,,,,9.3,,9.3,,,,,,,,,,,1,,,,component:spider_images_14477_png.rf.411d3d74021bf4ebb4f40824f716c0a9:9.3,Component,,,,,,,,,,,,one_terminal,,,True,True,,
543.0,568.84,221.57,346.39,10,Inductor,,,,0.822,,spider_images_14477_png.rf.411d3d74021bf4ebb4f40824f716c0a9,,vertical,,,,,10.1,,10.1,,,,,,,,,,,2,,,,component:spider_images_14477_png.rf.411d3d74021bf4ebb4f40824f716c0a9:10.1,Component,,,,,,,,,,,,two_terminal,,,True,True,,
798.31,833.85,137.37,224.06,4,Capacitor,,,,0.8171,,spider_images_14477_png.rf.411d3d74021bf4ebb4f40824f716c0a9,,horizontal,,,,,4.2,,4.2,,,,,,,,,,,2,,,,component:spider_images_14477_png.rf.411d3d74021bf4ebb4f40824f716c0a9:4.2,Component,,,,,,,,,,,,two_terminal,,,True,True,,
802.7,847.15,756.96,837.93,4,Capacitor,,,,0.7778,,spider_images_14477_png.rf.411d3d74021bf4ebb4f40824f716c0a9,,vertical,,,,,4.3,,4.3,,,,,,,,,,,2,,,,component:spider_images_14477_png.rf.411d3d74021bf4ebb4f40824f716c0a9:4.3,Component,,,,,,,,,,,,two_terminal,,,True,True,,
806.51,843.5,908.26,969.1,9,GND,,,,0.858,,spider_images_14477_png.rf.411d3d74021bf4ebb4f40824f716c0a9,top,up,,,,,9.4,,9.4,,,,,,,,,,,1,,,,component:spider_images_14477_png.rf.411d3d74021bf4ebb4f40824f716c0a9:9.4,Component,,,,,,,,,,,,one_terminal,,,True,True,,
801.84,849.32,501.43,601.67,4,Capacitor,,,,0.75,,spider_images_14477_png.rf.411d3d74021bf4ebb4f40824f716c0a9,,vertical,,,,,4.4,,4.4,,,,,,,,,,,2,,,,component:spider_images_14477_png.rf.411d3d74021bf4ebb4f40824f716c0a9:4.4,Component,,,,,,,,,,,,two_terminal,,,True,True,,
915.48,971.73,196.41,244.45,9,GND,,,,0.7616,,spider_images_14477_png.rf.411d3d74021bf4ebb4f40824f716c0a9,top,up,,,,,9.5,,9.5,,,,,,,,,,,1,,,,component:spider_images_14477_png.rf.411d3d74021bf4ebb4f40824f716c0a9:9.5,Component,,,,,,,,,,,,one_terminal,,,True,True,,
,,,,,,9,GND,component:spider_images_14477_png.rf.411d3d74021bf4ebb4f40824f716c0a9:9.1,,,spider_images_14477_png.rf.411d3d74021bf4ebb4f40824f716c0a9,top,up,,,,,9.1,False,9.1:t1,high,1.0,matched_preferred,[],N1,1,,,,,,,,,terminal:spider_images_14477_png.rf.411d3d74021bf4ebb4f40824f716c0a9:9.1:t1,Terminal,,N1,1,top,directional,directional_primary,"[92, 763, 105, 800]",97,781,,,,9.1:t1,t1,,,97.61,781.27
,,,,,,4,Capacitor,component:spider_images_14477_png.rf.411d3d74021bf4ebb4f40824f716c0a9:4.1,,,spider_images_14477_png.rf.411d3d74021bf4ebb4f40824f716c0a9,,vertical,,,,,4.1,False,4.1:t1,high,1.0,matched_preferred,[],N3,3,,,,,,,,,terminal:spider_images_14477_png.rf.411d3d74021bf4ebb4f40824f716c0a9:4.1:t1,Terminal,,N3,3,top,directional,directional_primary,"[92, 545, 105, 582]",97,563,,,,4.1:t1,t1,,,97.81,563.08
,,,,,,4,Capacitor,component:spider_images_14477_png.rf.411d3d74021bf4ebb4f40824f716c0a9:4.1,,,spider_images_14477_png.rf.411d3d74021bf4ebb4f40824f716c0a9,,vertical,,,,,4.1,False,4.1:t2,high,1.0,matched_preferred,[],N1,1,,,,,,,,,terminal:spider_images_14477_png.rf.411d3d74021bf4ebb4f40824f716c0a9:4.1:t2,Terminal,,N1,1,bottom,directional,directional_primary,"[92, 597, 105, 634]",97,615,,,,4.1:t2,t2,,,97.81,614.95
,,,,,,22,Resistor,component:spider_images_14477_png.rf.411d3d74021bf4ebb4f40824f716c0a9:22.1,,,spider_images_14477_png.rf.411d3d74021bf4ebb4f40824f716c0a9,,vertical,,,,,22.1,False,22.1:t1,high,0.0,matched_preferred,[],N3,3,,,,,,,,,terminal:spider_images_14477_png.rf.411d3d74021bf4ebb4f40824f716c0a9:22.1:t1,Terminal,,N3,3,top,directional,directional_primary,"[277, 581, 290, 618]",283,599,,,,22.1:t1,t1,,,283.29,599.33
,,,,,,22,Resistor,component:spider_images_14477_png.rf.411d3d74021bf4ebb4f40824f716c0a9:22.1,,,spider_images_14477_png.rf.411d3d74021bf4ebb4f40824f716c0a9,,vertical,,,,,22.1,False,22.1:t2,high,0.0,matched_preferred,[],N2,2,,,,,,,,,terminal:spider_images_14477_png.rf.411d3d74021bf4ebb4f40824f716c0a9:22.1:t2,Terminal,,N2,2,bottom,directional,directional_primary,"[277, 730, 290, 767]",283,748,,,,22.1:t2,t2,,,283.29,748.47
,,,,,,9,GND,component:spider_images_14477_png.rf.411d3d74021bf4ebb4f40824f716c0a9:9.2,,,spider_images_14477_png.rf.411d3d74021bf4ebb4f40824f716c0a9,top,up,,,,,9.2,False,9.2:t1,high,0.0,matched_preferred,[],N2,2,,,,,,,,,terminal:spider_images_14477_png.rf.411d3d74021bf4ebb4f40824f716c0a9:9.2:t1,Terminal,,N2,2,top,directional,directional_primary,"[277, 736, 290, 773]",283,754,,,,9.2:t1,t1,,,283.44,754.01
,,,,,,22,Resistor,component:spider_images_14477_png.rf.411d3d74021bf4ebb4f40824f716c0a9:22.2,,,spider_images_14477_png.rf.411d3d74021bf4ebb4f40824f716c0a9,,vertical,,,,,22.2,False,22.2:t1,high,1.0,matched_preferred,[],N4,4,,,,,,,,,terminal:spider_images_14477_png.rf.411d3d74021bf4ebb4f40824f716c0a9:22.2:t1,Terminal,,N4,4,top,directional,directional_primary,"[278, 226, 291, 263]",283,244,,,,22.2:t1,t1,,,283.62,243.51
,,,,,,22,Resistor,component:spider_images_14477_png.rf.411d3d74021bf4ebb4f40824f716c0a9:22.2,,,spider_images_14477_png.rf.411d3d74021bf4ebb4f40824f716c0a9,,vertical,,,,,22.2,False,22.2:t2,high,1.0,matched_preferred,[],N3,3,,,,,,,,,terminal:spider_images_14477_png.rf.411d3d74021bf4ebb4f40824f716c0a9:22.2:t2,Terminal,,N3,3,bottom,directional,directional_primary,"[278, 375, 291, 412]",283,393,,,,22.2:t2,t2,,,283.62,393.13
,,,,,,22,Resistor,component:spider_images_14477_png.rf.411d3d74021bf4ebb4f40824f716c0a9:22.3,,,spider_images_14477_png.rf.411d3d74021bf4ebb4f40824f716c0a9,,vertical,,,,,22.3,False,22.3:t1,high,0.0,matched_preferred,[],N7,7,,,,,,,,,terminal:spider_images_14477_png.rf.411d3d74021bf4ebb4f40824f716c0a9:22.3:t1,Terminal,,N7,7,top,directional,directional_primary,"[548, 709, 561, 746]",554,727,,,,22.3:t1,t1,,,554.37,727.45
,,,,,,22,Resistor,component:spider_images_14477_png.rf.411d3d74021bf4ebb4f40824f716c0a9:22.3,,,spider_images_14477_png.rf.411d3d74021bf4ebb4f40824f716c0a9,,vertical,,,,,22.3,False,22.3:t2,high,0.0,matched_preferred,[],N5,5,,,,,,,,,terminal:spider_images_14477_png.rf.411d3d74021bf4ebb4f40824f716c0a9:22.3:t2,Terminal,,N5,5,bottom,directional,directional_primary,"[548, 854, 561, 891]",554,872,,,,22.3:t2,t2,,,554.37,871.94
,,,,,,9,GND,component:spider_images_14477_png.rf.411d3d74021bf4ebb4f40824f716c0a9:9.3,,,spider_images_14477_png.rf.411d3d74021bf4ebb4f40824f716c0a9,top,up,,,,,9.3,False,9.3:t1,high,1.0,matched_preferred,[],N5,5,,,,,,,,,terminal:spider_images_14477_png.rf.411d3d74021bf4ebb4f40824f716c0a9:9.3:t1,Terminal,,N5,5,top,directional,directional_primary,"[549, 884, 562, 921]",554,902,,,,9.3:t1,t1,,,554.76,902.28
,,,,,,10,Inductor,component:spider_images_14477_png.rf.411d3d74021bf4ebb4f40824f716c0a9:10.1,,,spider_images_14477_png.rf.411d3d74021bf4ebb4f40824f716c0a9,,vertical,,,,,10.1,False,10.1:t1,high,2.0,matched_preferred,[],N4,4,,,,,,,,,terminal:spider_images_14477_png.rf.411d3d74021bf4ebb4f40824f716c0a9:10.1:t1,Terminal,,N4,4,top,directional,directional_primary,"[546, 188, 567, 249]",554,218,,,,10.1:t1,t1,,,555.92,217.57
,,,,,,10,Inductor,component:spider_images_14477_png.rf.411d3d74021bf4ebb4f40824f716c0a9:10.1,,,spider_images_14477_png.rf.411d3d74021bf4ebb4f40824f716c0a9,,vertical,,,,,10.1,False,10.1:t2,high,2.0,matched_preferred,[],N6,6,,,,,,,,,terminal:spider_images_14477_png.rf.411d3d74021bf4ebb4f40824f716c0a9:10.1:t2,Terminal,,N6,6,bottom,directional,directional_primary,"[546, 320, 567, 381]",554,350,,,,10.1:t2,t2,,,555.92,350.39
,,,,,,4,Capacitor,component:spider_images_14477_png.rf.411d3d74021bf4ebb4f40824f716c0a9:4.2,,,spider_images_14477_png.rf.411d3d74021bf4ebb4f40824f716c0a9,,horizontal,,,,,4.2,False,4.2:t1,high,1.0,matched_preferred,[],N4,4,,,,,,,,,terminal:spider_images_14477_png.rf.411d3d74021bf4ebb4f40824f716c0a9:4.2:t1,Terminal,,N4,4,left,directional,directional_primary,"[776, 175, 813, 188]",794,182,,,,4.2:t1,t1,,,794.31,180.72
,,,,,,4,Capacitor,component:spider_images_14477_png.rf.411d3d74021bf4ebb4f40824f716c0a9:4.2,,,spider_images_14477_png.rf.411d3d74021bf4ebb4f40824f716c0a9,,horizontal,,,,,4.2,False,4.2:t2,high,1.0,matched_preferred,[],N9,9,,,,,,,,,terminal:spider_images_14477_png.rf.411d3d74021bf4ebb4f40824f716c0a9:4.2:t2,Terminal,,N9,9,right,directional,directional_primary,"[820, 175, 857, 188]",838,182,,,,4.2:t2,t2,,,837.85,180.72
,,,,,,4,Capacitor,component:spider_images_14477_png.rf.411d3d74021bf4ebb4f40824f716c0a9:4.3,,,spider_images_14477_png.rf.411d3d74021bf4ebb4f40824f716c0a9,,vertical,,,,,4.3,False,4.3:t1,high,1.0,matched_preferred,[],N7,7,,,,,,,,,terminal:spider_images_14477_png.rf.411d3d74021bf4ebb4f40824f716c0a9:4.3:t1,Terminal,,N7,7,top,directional,directional_primary,"[819, 735, 832, 772]",824,753,,,,4.3:t1,t1,,,824.92,752.96
,,,,,,4,Capacitor,component:spider_images_14477_png.rf.411d3d74021bf4ebb4f40824f716c0a9:4.3,,,spider_images_14477_png.rf.411d3d74021bf4ebb4f40824f716c0a9,,vertical,,,,,4.3,False,4.3:t2,high,1.0,matched_preferred,[],N8,8,,,,,,,,,terminal:spider_images_14477_png.rf.411d3d74021bf4ebb4f40824f716c0a9:4.3:t2,Terminal,,N8,8,bottom,directional,directional_primary,"[819, 824, 832, 861]",824,842,,,,4.3:t2,t2,,,824.92,841.93
,,,,,,9,GND,component:spider_images_14477_png.rf.411d3d74021bf4ebb4f40824f716c0a9:9.4,,,spider_images_14477_png.rf.411d3d74021bf4ebb4f40824f716c0a9,top,up,,,,,9.4,False,9.4:t1,high,1.0,matched_preferred,[],N8,8,,,,,,,,,terminal:spider_images_14477_png.rf.411d3d74021bf4ebb4f40824f716c0a9:9.4:t1,Terminal,,N8,8,top,directional,directional_primary,"[819, 886, 832, 923]",824,904,,,,9.4:t1,t1,,,825.0,904.26
,,,,,,4,Capacitor,component:spider_images_14477_png.rf.411d3d74021bf4ebb4f40824f716c0a9:4.4,,,spider_images_14477_png.rf.411d3d74021bf4ebb4f40824f716c0a9,,vertical,,,,,4.4,False,4.4:t1,high,2.0,matched_preferred,[],N6,6,,,,,,,,,terminal:spider_images_14477_png.rf.411d3d74021bf4ebb4f40824f716c0a9:4.4:t1,Terminal,,N6,6,top,directional,directional_primary,"[820, 479, 833, 516]",824,497,,,,4.4:t1,t1,,,825.58,497.43
,,,,,,4,Capacitor,component:spider_images_14477_png.rf.411d3d74021bf4ebb4f40824f716c0a9:4.4,,,spider_images_14477_png.rf.411d3d74021bf4ebb4f40824f716c0a9,,vertical,,,,,4.4,False,4.4:t2,high,2.0,matched_preferred,[],N7,7,,,,,,,,,terminal:spider_images_14477_png.rf.411d3d74021bf4ebb4f40824f716c0a9:4.4:t2,Terminal,,N7,7,bottom,directional,directional_primary,"[820, 588, 833, 625]",824,606,,,,4.4:t2,t2,,,825.58,605.67
,,,,,,9,GND,component:spider_images_14477_png.rf.411d3d74021bf4ebb4f40824f716c0a9:9.5,,,spider_images_14477_png.rf.411d3d74021bf4ebb4f40824f716c0a9,top,up,,,,,9.5,False,9.5:t1,high,1.0,matched_preferred,[],N9,9,,,,,,,,,terminal:spider_images_14477_png.rf.411d3d74021bf4ebb4f40824f716c0a9:9.5:t1,Terminal,,N9,9,top,directional,directional_primary,"[938, 174, 951, 211]",943,192,,,,9.5:t1,t1,,,943.61,192.41
97,101,600,798,,,,,,,"[""4.1:t2"", ""9.1:t1""]",spider_images_14477_png.rf.411d3d74021bf4ebb4f40824f716c0a9,,,,,,,,,N1,,,,,,,,2,,,,,N1,1,net:spider_images_14477_png.rf.411d3d74021bf4ebb4f40824f716c0a9:N1,Net,202,,,,,,,,,,36,,,,,,,
283,283,732,771,,,,,,,"[""22.1:t2"", ""9.2:t1""]",spider_images_14477_png.rf.411d3d74021bf4ebb4f40824f716c0a9,,,,,,,,,N2,,,,,,,,2,,,,,N2,2,net:spider_images_14477_png.rf.411d3d74021bf4ebb4f40824f716c0a9:N2,Net,40,,,,,,,,,,45,,,,,,,
97,506,376,616,,,,,,,"[""22.1:t1"", ""22.2:t2"", ""4.1:t1""]",spider_images_14477_png.rf.411d3d74021bf4ebb4f40824f716c0a9,,,,,,,,,N3,,,,,,,,3,,,,,N3,3,net:spider_images_14477_png.rf.411d3d74021bf4ebb4f40824f716c0a9:N3,Net,715,,,,,,,,,,22,,,,,,,
283,810,178,261,,,,,,,"[""10.1:t1"", ""22.2:t1"", ""4.2:t1""]",spider_images_14477_png.rf.411d3d74021bf4ebb4f40824f716c0a9,,,,,,,,,N4,,,,,,,,3,,,,,N4,4,net:spider_images_14477_png.rf.411d3d74021bf4ebb4f40824f716c0a9:N4,Net,663,,,,,,,,,,6,,,,,,,
554,555,856,919,,,,,,,"[""22.3:t2"", ""9.3:t1""]",spider_images_14477_png.rf.411d3d74021bf4ebb4f40824f716c0a9,,,,,,,,,N5,,,,,,,,2,,,,,N5,5,net:spider_images_14477_png.rf.411d3d74021bf4ebb4f40824f716c0a9:N5,Net,64,,,,,,,,,,56,,,,,,,
553,825,333,514,,,,,,,"[""10.1:t2"", ""4.4:t1""]",spider_images_14477_png.rf.411d3d74021bf4ebb4f40824f716c0a9,,,,,,,,,N6,,,,,,,,2,,,,,N6,6,net:spider_images_14477_png.rf.411d3d74021bf4ebb4f40824f716c0a9:N6,Net,503,,,,,,,,,,18,,,,,,,
553,825,590,770,,,,,,,"[""22.3:t1"", ""4.3:t1"", ""4.4:t2""]",spider_images_14477_png.rf.411d3d74021bf4ebb4f40824f716c0a9,,,,,,,,,N7,,,,,,,,3,,,,,N7,7,net:spider_images_14477_png.rf.411d3d74021bf4ebb4f40824f716c0a9:N7,Net,593,,,,,,,,,,33,,,,,,,
824,825,824,921,,,,,,,"[""4.3:t2"", ""9.4:t1""]",spider_images_14477_png.rf.411d3d74021bf4ebb4f40824f716c0a9,,,,,,,,,N8,,,,,,,,2,,,,,N8,8,net:spider_images_14477_png.rf.411d3d74021bf4ebb4f40824f716c0a9:N8,Net,98,,,,,,,,,,49,,,,,,,
822,944,180,209,,,,,,,"[""4.2:t2"", ""9.5:t1""]",spider_images_14477_png.rf.411d3d74021bf4ebb4f40824f716c0a9,,,,,,,,,N9,,,,,,,,2,,,,,N9,9,net:spider_images_14477_png.rf.411d3d74021bf4ebb4f40824f716c0a9:N9,Net,148,,,,,,,,,,7,,,,,,,
