circuit_id,batch,image_file,json_file,score,decision,usable_as_graph_base,components_score,terminals_pins_score,graph_connections_score,visible_semantics_score,critical_errors_count,major_errors_count,minor_errors_count,missing_from_json_count,extra_in_json_count,wrong_graph_connections_count,judge_latency_seconds,input_json_valid,parsed_ok,short_explanation
a01,A,a01.png,a01.json,93,PASS,True,24,18,43,8,0,0,2,0,0,0,10.187,True,True,"Il JSON rappresenta correttamente i componenti principali visibili: connettore a 4 pin, switch aperto, tre simboli GND, due resistori, LED e lampada. I collegamenti nel campo graph corrispondono alla topologia mostrata: pin 1 verso resistore e LED a massa comune, pin 2 verso resistore e lampada a massa comune, pin 3 verso switch e massa tramite l'altro lato dello switch, pin 4 a GND. Restano solo minori imprecisioni sui relative_position di alcuni pin del connettore e sull'assenza della label EN."
a02,A,a02.png,a02.json,76,NEEDS_PATCH,False,22,16,30,8,0,3,1,2,1,3,18.215,True,True,"Il JSON riconosce quasi tutti i componenti principali visibili: batteria, connettore J3 a 4 pin, resistore, condensatore, tre GND e switch aperto. Molti collegamenti locali sono corretti, inclusi pin 2-resistore, pin 3-condensatore-GND, pin 4-GND e switch verso GND. Tuttavia la batteria è rappresentata con terminali/polarità invertiti e il terminale superiore non è collegato al nodo superiore resistore-switch come nell'immagine; inoltre la label visibile sul nodo del pin 1 è diversa da quella riportata. Il grafo è quindi utilizzabile solo dopo correzioni topologiche."
a03,A,a03.png,a03.json,75,NEEDS_PATCH,False,19,15,33,8,0,3,2,1,1,1,22.24,True,True,"Il JSON rappresenta correttamente i componenti principali: connettore J5 a 4 pin, condensatore verso massa dal pin 3, pin 4 a massa, pin 2 tramite resistore al voltmetro, e voltmetro a massa. Le connessioni principali sono quindi in gran parte corrette. Restano però problemi topologici/semantici sulla sorgente a sinistra: la label visibile è VIN sul nodo del pin 1, mentre il JSON introduce VDD sul terminale superiore della batteria/sorgente, non visibile, e non rappresenta VIN."
a04,A,a04.png,a04.json,88,MINOR_ISSUES,True,24,17,39,8,0,0,3,3,0,0,12.114,True,True,"Il JSON rappresenta correttamente i componenti principali e quasi tutti i collegamenti visibili: switch verso GND e pin 3, pin 4 a GND, pin 2 al condensatore verso GND, pin 1 alla resistenza e allo strumento, con l'altro terminale dello strumento a GND. Non risultano collegamenti topologici errati gravi. Restano problemi minori su posizioni dei pin del connettore e omissione di label testuali visibili."
a05,A,a05.png,a05.json,78,NEEDS_PATCH,False,23,16,31,8,0,3,2,2,0,5,22.033,True,True,"Il JSON include quasi tutti i componenti principali e rappresenta correttamente reset, pin 4 a GND, nodo del resistore/meter/LED/GND e GND destro del LED. Tuttavia i collegamenti del trasformatore sono significativamente errati: due terminali risultano non connessi e i pin 1 e 2 del connettore non sono collegati alla bobina come visibile. Per questo il grafo richiede correzioni topologiche."
a06,A,a06.png,a06.json,86,MINOR_ISSUES,True,23,17,38,8,0,0,3,0,0,0,12.881,True,True,"Il JSON rappresenta correttamente quasi tutti i componenti principali e i collegamenti visibili: VIN verso pin 1 di J8, pin 2 verso isolatore/trasformatore e poi resistore e monitor, pin 3 verso condensatore a GND, pin 4 a GND, e terminale inferiore del monitor a GND. Non emergono collegamenti topologici errati nel campo graph. Le criticità sono soprattutto di classificazione/semantica del simbolo VIN e di metadati di posizione dei terminali, con alcune corrispondenze interne non pienamente verificabili."
a07,A,a07.png,a07.json,78,NEEDS_PATCH,False,23,16,31,8,0,3,1,0,0,3,17.325,True,True,"Il JSON include quasi tutti i componenti visibili: sorgente, trasformatore, resistore, condensatore, lampada/load e due GND. La parte a destra con resistore, condensatore, lampada e masse è in larga parte coerente. Tuttavia i collegamenti del trasformatore e della sorgente AC sono rappresentati male o lasciati aperti: terminali che nell'immagine sono collegati risultano non connessi e altri sono collegati al terminale errato del trasformatore. Per questi errori topologici correggibili il grafo richiede patch."
a08,A,a08.png,a08.json,70,NEEDS_PATCH,False,24,16,22,8,0,3,1,2,0,2,20.13,True,True,"Il JSON riconosce quasi tutti i componenti principali visibili: sorgente SIG, trasformatore, meter, resistore e due GND. La parte secondaria con meter, resistore e massa è in gran parte coerente. Tuttavia lascia non connessi terminali visibilmente appartenenti al circuito sul lato sorgente/trasformatore e presenta un collegamento sorgente-trasformatore non chiaramente coerente con la topologia mostrata. Il grafo richiede correzioni topologiche prima di essere usato come base affidabile."
a09,A,a09.png,a09.json,91,PASS,True,25,18,40,8,0,0,3,0,0,1,11.57,True,True,"Il JSON rappresenta correttamente quasi tutti i componenti principali e le connessioni visibili: batteria, fusibile, connettore a 5 pin, condensatore, interruttore aperto, resistore, LED, lampada e GND. La principale discrepanza topologica è il terminale inferiore della lampada lasciato non connesso invece che collegato al GND visibile. Sono presenti anche piccole incoerenze sulle posizioni relative di alcuni pin del connettore."
a10,A,a10.png,a10.json,94,PASS,True,24,18,43,9,0,0,2,0,0,0,10.751,True,True,"Il JSON rappresenta correttamente i componenti principali visibili: batteria, switch aperto, connettore J1 a 4 pin, resistore, lampada, LED e riferimenti GND. I collegamenti nel campo graph corrispondono alla topologia disegnata: batteria negativa a GND, batteria positiva allo switch, switch al pin 1, pin 2 al resistore e poi LED a GND, pin 3 alla lampada e poi GND, pin 4 a GND. Restano solo piccole imprecisioni sulle posizioni relative dei terminali e una lieve ambiguità sulla polarità del LED."
