time,v(N001),v(N002),v(N003),v(N004),v(N005),@dled12_1[id]
0.0,4.49946297e-28,0.0,-5.24852323e-19,3.50958111e-27,1.1220356e-28,5.24852323e-31
5e-06,1.25522826e-06,0.025,0.00072098992,0.000720834607,0.012497037,3.98451831e-14
5.4211354e-06,1.36983444e-06,0.027105677,0.000744839377,0.000744675255,0.0135497778,4.40698738e-14
6.26340619e-06,1.6167935e-06,0.0313170309,0.000764892903,0.000764714189,0.0156553733,5.31355834e-14
7.94794777e-06,2.21713656e-06,0.0397397389,0.000761108426,0.000760900278,0.0198667455,7.41106898e-14
1.13170309e-05,3.84342415e-06,0.0565851547,0.000761974147,0.000761668411,0.0282894569,1.32383693e-13
1.80551973e-05,8.7983504e-06,0.0902759864,0.000761136425,0.000760332658,0.0451348988,3.97958277e-13
3.153153e-05,2.55170506e-05,0.15765765,0.000780558379,0.000770751138,0.0788257575,4.45316425e-12
5.84841953e-05,8.61862202e-05,0.292420977,0.00351817067,0.000861281948,0.146207495,7.09741841e-10
8.64432457e-05,0.000187499704,0.432216228,0.0647967841,0.00188848235,0.216105245,1.47673634e-08
0.000113292277,0.0003215713,0.566461385,0.193387371,0.00228297041,0.283227754,1.83757971e-08
0.000153956407,0.000593181102,0.769782035,0.401479421,0.00230770587,0.384888236,1.52802983e-08
0.000195186174,0.000952843818,0.975930871,0.606995637,0.00269335981,0.487962649,1.56586326e-08
0.000277645709,0.00192659407,1.38822854,1.02285515,0.0034848374,0.694111663,1.36442214e-08
0.000442564777,0.00489074988,2.21282389,1.84931695,0.00635312334,1.10640945,1.26943419e-08
0.000721282389,0.0129760248,3.60641194,3.24757465,0.0142282671,1.80320375,1.05975381e-08
0.001,0.0249175134,5.0,4.64100505,0.0261227651,2.49999786,1.06623289e-08
0.00105,0.0274038197,5.0,4.6857279,0.0275151854,2.50000002,1.89222167e-09
0.00115,0.0323739387,5.0,4.73761632,0.0323695912,2.50000006,2.547305e-10
0.00135,0.0422992645,5.0,4.75733391,0.0422969551,2.50000003,1.18966619e-10
0.00175,0.0620904801,5.0,4.78194536,0.0620762881,2.50000006,4.60567883e-11
0.00225,0.0867184503,5.0,4.80547052,0.0867123496,2.50000002,1.86482537e-11
0.00275,0.111223588,5.0,4.82838346,0.111209218,2.50000006,7.77523646e-12
0.00325,0.135606505,5.0,4.85078302,0.13560023,2.50000002,3.34167253e-12
0.00375,0.159867811,5.0,4.8728268,0.159853396,2.50000006,1.48285246e-12
0.00425,0.184008114,5.0,4.8946531,0.184001822,2.50000002,6.82655316e-13
0.00475,0.208028016,5.0,4.91628479,0.20801364,2.50000006,3.28193774e-13
0.00525,0.231928118,5.0,4.93778148,0.231921852,2.50000002,1.63060213e-13
0.00575,0.255709018,5.0,4.95912331,0.255694701,2.50000006,7.94452491e-14
0.00625,0.279371309,5.0,4.98034839,0.279365077,2.50000002,3.10296427e-14
0.00675,0.302915585,5.0,5.00142755,0.302901331,2.50000006,-1.96452063e-15
0.00725,0.326342432,5.0,5.0223948,0.326336236,2.50000002,-2.81878109e-14
0.00775,0.349652437,5.0,5.04321916,0.349638248,2.50000006,-5.1338487e-14
0.00825,0.372846183,5.0,5.06393354,0.372840023,2.50000002,-7.30892369e-14
0.00875,0.39592425,5.0,5.08450661,0.395910123,2.50000006,-9.41211794e-14
0.00925,0.418887214,5.0,5.10497111,0.418881088,2.50000002,-1.14770015e-13
0.00975,0.441735649,5.0,5.12529599,0.441721585,2.50000006,-1.3517774e-13
0.01025,0.464470127,5.0,5.14551358,0.464464037,2.50000002,-1.55438089e-13
0.01075,0.487091217,5.0,5.16559248,0.487077215,2.50000006,-1.7554125e-13
0.01125,0.509599482,5.0,5.18556523,0.509593426,2.50000002,-1.9552883e-13
0.01175,0.531995488,5.0,5.20540095,0.531981548,2.50000006,-2.15374104e-13
0.01225,0.554279792,5.0,5.22513187,0.55427377,2.50000002,-2.35111485e-13
0.01275,0.576452953,5.0,5.24472697,0.576439075,2.50000006,-2.54711102e-13
0.01325,0.598515524,5.0,5.26421825,0.598509535,2.50000002,-2.74205638e-13
0.01375,0.620468058,5.0,5.283575,0.620454241,2.50000006,-2.93564803e-13
0.01425,0.642311103,5.0,5.30282922,0.642305147,2.50000002,-3.12820841e-13
0.01475,0.664045205,5.0,5.32195003,0.664031448,2.50000006,-3.31943059e-13
0.01525,0.685670908,5.0,5.34096955,0.685664983,2.50000002,-3.50963679e-13
0.01575,0.707188751,5.0,5.35985712,0.707175054,2.50000005,-3.69852126e-13
0.01625,0.728599274,5.0,5.37864444,0.728593381,2.50000002,-3.88640152e-13
0.01675,0.749903011,5.0,5.39730103,0.749889373,2.50000005,-4.07297317e-13
0.01725,0.771100495,5.0,5.41585845,0.771094634,2.50000002,-4.25855212e-13
0.01775,0.792192256,5.0,5.4342863,0.792178677,2.50000005,-4.44283457e-13
0.01825,0.813178821,5.0,5.45261631,0.813172991,2.50000002,-4.62613804e-13
0.01875,0.834060715,5.0,5.4708181,0.834047195,2.50000005,-4.80815873e-13
0.01925,0.85483846,5.0,5.48892297,0.85483266,2.50000002,-4.98920984e-13
0.01975,0.875512576,5.0,5.50690077,0.875499113,2.50000005,-5.16898984e-13
0.02025,0.896083578,5.0,5.52478286,0.896077808,2.50000002,-5.34781251e-13
0.02075,0.916551982,5.0,5.54253913,0.916538577,2.50000005,-5.52537669e-13
0.02125,0.936918299,5.0,5.56020072,0.936912558,2.50000002,-5.70199394e-13
0.02175,0.957183039,5.0,5.57773773,0.957169691,2.50000005,-5.87736521e-13
0.02225,0.977346708,5.0,5.59518129,0.977340995,2.50000002,-6.05180191e-13
0.02275,0.997409809,5.0,5.61250134,0.997396518,2.50000005,-6.2250033e-13
0.02325,1.01737285,5.0,5.62972883,1.01736716,2.50000002,-6.39727898e-13
0.02375,1.03723632,5.0,5.64683415,1.03722308,2.50000005,-6.56833287e-13
0.02425,1.05700072,5.0,5.66384808,1.05699506,2.50000002,-6.73847287e-13
0.02475,1.07666654,5.0,5.68074083,1.07665336,2.50000005,-6.90740089e-13
0.02525,1.09623428,5.0,5.69754318,1.09622865,2.50000002,-7.07542491e-13
0.02575,1.11570443,5.0,5.71422561,1.1156913,2.50000005,-7.24224972e-13
0.02625,1.13507747,5.0,5.73081874,1.13507186,2.50000002,-7.4081814e-13
0.02675,1.15435388,5.0,5.74729303,1.15434081,2.50000005,-7.5729247e-13
0.02725,1.17353415,5.0,5.76367908,1.17352858,2.50000002,-7.73678562e-13
0.02775,1.19261877,5.0,5.7799476,1.19260575,2.50000005,-7.89947109e-13
0.02825,1.21160819,5.0,5.79612877,1.21160264,2.50000002,-8.06128307e-13
0.02875,1.23050291,5.0,5.81219333,1.23048994,2.50000005,-8.22192894e-13
0.02925,1.24930338,5.0,5.82817157,1.24929786,2.50000002,-8.38171158e-13
0.02975,1.26801009,5.0,5.84403433,1.26799718,2.50000005,-8.54033947e-13
0.03025,1.2866235,5.0,5.85981189,1.286618,2.50000002,-8.69811528e-13
0.03075,1.30514408,5.0,5.87547526,1.30513122,2.50000005,-8.85474915e-13
0.03125,1.32357228,5.0,5.89105427,1.3235668,2.50000002,-9.01053938e-13
0.03175,1.34190857,5.0,5.90651997,1.34189576,2.50000005,-9.16519654e-13
0.03225,1.36015341,5.0,5.92190246,1.36014796,2.50000002,-9.31902165e-13
0.03275,1.37830725,5.0,5.93717287,1.3782945,2.50000005,-9.47172589e-13
0.03325,1.39637055,5.0,5.95236085,1.39636512,2.50000002,-9.62360583e-13
0.03375,1.41434376,5.0,5.96743759,1.41433105,2.50000005,-9.77437333e-13
0.03425,1.43222732,5.0,5.98243288,1.43222191,2.50000002,-9.92432635e-13
0.03475,1.45002169,5.0,5.9973182,1.45000904,2.50000005,-1.00731797e-12
0.03525,1.46772731,5.0,6.0121231,1.46772193,2.50000002,-1.02212287e-12
0.03575,1.48534463,5.0,6.02681899,1.48533202,2.50000005,-1.03681878e-12
0.03625,1.50287407,5.0,6.04143527,1.50286871,2.50000002,-1.05143506e-12
0.03675,1.52031609,5.0,6.05594364,1.52030354,2.50000005,-1.06594345e-12
0.03725,1.53767112,5.0,6.07037352,1.53766577,2.50000002,-1.08037333e-12
0.03775,1.55493958,5.0,6.08469642,1.55492708,2.50000005,-1.09469624e-12
0.03825,1.57212192,5.0,6.09894153,1.5721166,2.50000002,-1.10894136e-12
0.03875,1.58921857,5.0,6.11308072,1.58920611,2.50000005,-1.12308056e-12
0.03925,1.60622994,5.0,6.12714307,1.60622463,2.50000002,-1.13714291e-12
0.03975,1.62315647,5.0,6.14110064,1.62314406,2.50000005,-1.15110049e-12
0.04025,1.63999857,5.0,6.15498228,1.63999328,2.50000002,-1.16498213e-12
0.04075,1.65675668,5.0,6.16876006,1.65674431,2.50000005,-1.17875992e-12
0.04125,1.6734312,5.0,6.18246285,1.67342593,2.50000002,-1.19246271e-12
0.04175,1.69002256,5.0,6.1960628,1.69001024,2.50000005,-1.20606266e-12
0.04225,1.70653117,5.0,6.20958856,1.70652592,2.50000002,-1.21958843e-12
0.04275,1.72295744,5.0,6.22301237,1.72294517,2.50000005,-1.23301224e-12
0.04325,1.73930179,5.0,6.23636295,1.73929655,2.50000002,-1.24636282e-12
0.04375,1.75556462,5.0,6.24961258,1.75555239,2.50000005,-1.25961246e-12
0.04425,1.77174633,5.0,6.26278961,1.77174111,2.50000002,-1.27278949e-12
0.04475,1.78784734,5.0,6.27586662,1.78783516,2.50000005,-1.28586651e-12
0.04525,1.80386805,5.0,6.28887206,1.80386284,2.50000002,-1.29887195e-12
0.04575,1.81980885,5.0,6.30177853,1.81979671,2.50000005,-1.31177842e-12
0.04625,1.83567014,5.0,6.31461419,1.83566495,2.50000002,-1.32461409e-12
0.04675,1.85145233,5.0,6.32735188,1.85144024,2.50000005,-1.33735178e-12
0.04725,1.8671558,5.0,6.34001978,1.86715063,2.50000002,-1.35001969e-12
0.04775,1.88278096,5.0,6.35259052,1.88276891,2.50000005,-1.36259043e-12
0.04825,1.89832818,5.0,6.36509209,1.89832302,2.50000002,-1.375092e-12
0.04875,1.91379786,5.0,6.37749748,1.91378585,2.50000005,-1.38749739e-12
0.04925,1.92919038,5.0,6.38983457,1.92918523,2.50000002,-1.39983448e-12
0.04975,1.94450613,5.0,6.40207637,1.94449416,2.50000005,-1.41207628e-12
0.05025,1.9597455,5.0,6.41425058,1.95974036,2.50000002,-1.42425049e-12
0.050625,1.97112511,5.0,6.42331639,1.97111318,2.50000005,-1.43331631e-12
0.051,1.98246213,5.0,6.43235057,1.98245699,2.50000002,-1.44235049e-12
0.0510260479,1.98321399,4.86976029,6.43227698,1.98254568,2.43488289,-1.57251663e-12
0.0510781438,1.98464948,4.60928086,6.43335823,1.98395473,2.30464329,-1.83407733e-12
0.0511823356,1.98711135,4.088322,6.43514669,1.98641921,2.04416385,-2.35682467e-12
0.0513215237,1.98954979,3.39238153,6.41667147,1.98863493,1.69619453,-3.03428993e-12
0.0514789733,1.99112958,2.60513365,2.01696159,1.92332937,1.32354732,7.51486565e-05
0.051590832,1.99147957,2.04584021,1.41605594,1.76960119,1.1278457,0.000375514243
0.051696031,1.99120016,1.51984511,0.909103119,1.436511,0.812345104,0.000179841514
0.0518424424,1.98980562,0.787788058,0.42102878,0.969634846,0.398098761,1.43952246e-08
0.052,1.98701277,0.0,0.0289071308,0.58544954,0.00577114271,-3.56365559e-14
0.0520196619,1.98658166,0.0,0.0288109951,0.585489541,0.00576920284,-3.55282413e-14
0.0520589856,1.98571964,0.0,0.0288062516,0.585471356,0.0057657282,-3.55228958e-14
0.052137633,1.98399675,0.0,0.0288008021,0.585431807,0.00575879678,-3.55167544e-14
0.0522949278,1.98055561,0.0,0.0287852911,0.585355946,0.00574493976,-3.54992735e-14
0.0526095174,1.97369187,0.0,0.0287589491,0.58520111,0.00571731487,-3.54695831e-14
0.0531095174,1.96283351,0.0,0.0287133273,0.584957793,0.00567360587,-3.54181542e-14
0.0536095174,1.95203707,0.0,0.0286710264,0.584711801,0.00563016284,-3.53704599e-14
0.0541095174,1.94130219,0.0,0.0286259004,0.584467839,0.00558696496,-3.53195704e-14
0.0546095174,1.93062852,0.0,0.0285841251,0.584221618,0.00554402842,-3.52724506e-14
0.0551095174,1.92001572,0.0,0.0285394829,0.583977446,0.00550133406,-3.52220876e-14
0.0556095174,1.90946343,0.0,0.0284982277,0.583730979,0.00545889831,-3.51755369e-14
0.0561095174,1.89897131,0.0,0.0284540634,0.583486578,0.00541670181,-3.51256942e-14
0.0566095174,1.88853901,0.0,0.0284133231,0.583239846,0.00537476124,-3.50797072e-14
0.0571095174,1.87816619,0.0,0.0283696307,0.582995198,0.00533305701,-3.50303787e-14
0.0576095174,1.86785251,0.0,0.0283293999,0.582748181,0.00529160606,-3.49849499e-14
0.0581095174,1.85759764,0.0,0.0282861735,0.582503265,0.00525038858,-3.49361294e-14
0.0586095174,1.84740123,0.0,0.028246447,0.582255942,0.00520942175,-3.48912537e-14
0.0591095174,1.83726295,0.0,0.0282036808,0.582010739,0.00516868557,-3.48429352e-14
0.0596095174,1.82718247,0.0,0.0281644537,0.581763091,0.00512819744,-3.47986073e-14
0.0601095174,1.81715946,0.0,0.0281221418,0.581517581,0.00508793715,-3.47507848e-14
0.0606095174,1.80719359,0.0,0.0280834089,0.581269586,0.00504792237,-3.47069995e-14
0.0611095174,1.79728454,0.0,0.0280415457,0.581023748,0.00500813264,-3.4659667e-14
0.0616095174,1.78743197,0.0,0.0280033022,0.580775387,0.0049685859,-3.46164194e-14
0.0621095174,1.77763556,0.0,0.0279618818,0.5805292,0.00492926147,-3.45695709e-14
0.0626095174,1.767895,0.0,0.0279241228,0.58028045,0.00489017754,-3.45268559e-14
0.0631095174,1.75820996,0.0,0.0278831397,0.580033894,0.0048513132,-3.44804856e-14
0.0636095174,1.74858013,0.0,0.0278458603,0.579784734,0.00481268691,-3.44382984e-14
0.0641095174,1.73900519,0.0,0.0278053089,0.579537787,0.00477427751,-3.43924004e-14
0.0646095174,1.72948482,0.0,0.0277685044,0.579288195,0.00473610374,-3.4350736e-14
0.0651095174,1.72001872,0.0,0.0277283793,0.579040836,0.0046981442,-3.43053047e-14
0.0656095174,1.71060657,0.0,0.027692045,0.578790789,0.0046604179,-3.42641584e-14
0.0661095174,1.70124806,0.0,0.0276523405,0.578542997,0.0046229032,-3.42191878e-14
0.0666095174,1.6919429,0.0,0.0276164719,0.578292473,0.00458561938,-3.41785549e-14
0.0671095174,1.68269076,0.0,0.0275771827,0.578044223,0.00454854456,-3.41340394e-14
0.0676095174,1.67349136,0.0,0.0275417751,0.577793199,0.00451169828,-3.40939153e-14
0.0681095174,1.66434438,0.0,0.0275028958,0.577544471,0.00447505843,-3.40498493e-14
0.0686095174,1.65524953,0.0,0.0274679449,0.577292923,0.00443864483,-3.40102292e-14
0.0691095174,1.64620651,0.0,0.0274294701,0.577043692,0.0044024351,-3.39666071e-14
0.0696095174,1.63721502,0.0,0.0273949715,0.576791596,0.00436644936,-3.39274867e-14
0.0701095174,1.62827476,0.0,0.0273568959,0.57654184,0.00433066496,-3.38843029e-14
0.0706095174,1.61938546,0.0,0.0273228453,0.576289172,0.00429510232,-3.38456776e-14
0.0711095174,1.6105468,0.0,0.0272851637,0.576038866,0.00425973853,-3.38029265e-14
0.0716095174,1.60175851,0.0,0.0272515568,0.575785602,0.0042245943,-3.37647922e-14
0.0721095174,1.59302029,0.0,0.0272142639,0.575534722,0.00418964643,-3.37224683e-14
0.0726095174,1.58433186,0.0,0.0271810965,0.575280836,0.00415491595,-3.36848204e-14
0.0731095174,1.57569293,0.0,0.0271441872,0.575029357,0.0041203794,-3.36429184e-14
0.0736095174,1.56710322,0.0,0.0271114553,0.574774823,0.00408605809,-3.36057528e-14
0.0741095174,1.55856245,0.0,0.0270749244,0.57452272,0.00405192829,-3.35642671e-14
0.0746095174,1.55007034,0.0,0.0270426239,0.574267513,0.00401801162,-3.35275797e-14
0.0751095174,1.54162661,0.0,0.0270064664,0.57401476,0.00398428406,-3.34865049e-14
0.0756095174,1.53323098,0.0,0.0269745933,0.573758852,0.00395076755,-3.34502915e-14
0.0761095174,1.52488317,0.0,0.0269388041,0.573505423,0.00391743777,-3.34096224e-14
0.0766095174,1.51658292,0.0,0.0269073545,0.573248787,0.00388431701,-3.3373879e-14
0.0771095174,1.50832995,0.0,0.0268719286,0.572994655,0.00385138062,-3.33336102e-14
0.0776095174,1.50012399,0.0,0.0268408987,0.572737263,0.00381865122,-3.32983329e-14
0.0781095174,1.49196477,0.0,0.0268058311,0.572482401,0.00378610388,-3.3258459e-14
0.0786095174,1.48385203,0.0,0.0267752172,0.572224225,0.00375376154,-3.32236439e-14
0.0791095174,1.47578549,0.0,0.026740503,0.571968604,0.00372159894,-3.31841598e-14
0.0796095174,1.4677649,0.0,0.0267103013,0.571709615,0.00368963939,-3.3149803e-14
0.0801095174,1.45978999,0.0,0.0266759355,0.571453207,0.00365785731,-3.31107034e-14
0.0806095174,1.45186049,0.0,0.0266461424,0.571193375,0.00362627634,-3.30768013e-14
0.0811095174,1.44397615,0.0,0.0266121203,0.570936151,0.00359487059,-3.30380809e-14
0.0816095174,1.43613672,0.0,0.0265827322,0.570675446,0.00356366404,-3.30046298e-14
0.0821095174,1.42834192,0.0,0.0265490488,0.570417376,0.00353263047,-3.29662836e-14
0.0826095174,1.42059152,0.0,0.0265200624,0.570155767,0.00350179424,-3.29332798e-14
0.0831095174,1.41288524,0.0,0.0264867128,0.569896819,0.00347112878,-3.28953025e-14
0.0836095174,1.40522285,0.0,0.0264581246,0.569634275,0.00344065881,-3.28627426e-14
0.0841095174,1.39760408,0.0,0.0264251042,0.56937442,0.00341035742,-3.28251292e-14
0.0846095174,1.3900287,0.0,0.0263969108,0.569110906,0.00338024971,-3.27930096e-14
0.0851095174,1.38249644,0.0,0.0263642148,0.568850111,0.0033503084,-3.2755755e-14
0.0856095174,1.37500707,0.0,0.0263364129,0.568585596,0.00332055899,-3.27240723e-14
0.0861095174,1.36756033,0.0,0.0263040365,0.568323828,0.00329097383,-3.26871714e-14
0.0866095174,1.36015599,0.0,0.0262766231,0.568058278,0.00326157882,-3.26559225e-14
0.0871095174,1.35279381,0.0,0.0262445616,0.567795504,0.00323234593,-3.26193701e-14
0.0876095174,1.34547353,0.0,0.0262175334,0.567528882,0.00320330146,-3.25885517e-14
0.0881095174,1.33819492,0.0,0.0261857822,0.567265067,0.003174417,-3.25523428e-14
0.0886095174,1.33095774,0.0,0.0261591361,0.566997339,0.00314571926,-3.25219517e-14
0.0891095174,1.32376175,0.0,0.0261276905,0.566732449,0.00311717946,-3.24860814e-14
0.0896095174,1.31660672,0.0,0.0261014237,0.566463577,0.00308882469,-3.24561145e-14
0.0901095174,1.30949242,0.0,0.026070279,0.566197575,0.0030606258,-3.24205778e-14
0.0906095174,1.3024186,0.0,0.0260443884,0.565927522,0.0030326103,-3.23910321e-14
0.0911095174,1.29538504,0.0,0.0260135401,0.56566037,0.00300474862,-3.23558238e-14
0.0916095174,1.28839151,0.0,0.025988023,0.565389098,0.00297706873,-3.23266965e-14
0.0921095174,1.28143777,0.0,0.0259574663,0.565120759,0.00294954063,-3.22918118e-14
0.0926095174,1.27452361,0.0,0.02593232,0.564848227,0.00292219272,-3.22630999e-14
0.0931095174,1.26764878,0.0,0.0259020504,0.564578662,0.00289499461,-3.22285337e-14
0.0936095174,1.26081308,0.0,0.0258772721,0.56430483,0.00286797513,-3.22002346e-14
0.0941095174,1.25401627,0.0,0.0258472851,0.564033997,0.00284110344,-3.2165982e-14
0.0946095174,1.24725812,0.0,0.0258228722,0.563758824,0.00281440887,-3.21380929e-14
0.0951095174,1.24053843,0.0,0.0257931632,0.563486683,0.00278786012,-3.2104149e-14
0.0956095174,1.23385696,0.0,0.0257691132,0.563210124,0.00276148697,-3.20766672e-14
0.0961095174,1.22721351,0.0,0.0257396776,0.562936633,0.0027352577,-3.2043027e-14
0.0966095174,1.22060784,0.0,0.0257159881,0.562658644,0.00270920256,-3.20159502e-14
0.0971095174,1.21403975,0.0,0.0256868213,0.562383759,0.00268328936,-3.19826087e-14
0.0976095174,1.20750902,0.0,0.0256634899,0.562104295,0.00265754884,-3.19559345e-14
0.0981095174,1.20101543,0.0,0.0256345875,0.56182797,0.00263194835,-3.19228868e-14
0.0986095174,1.19455877,0.0,0.0256116119,0.561546984,0.00260651912,-3.18966127e-14
0.0991095174,1.18813884,0.0,0.0255829693,0.561269174,0.00258122801,-3.18638538e-14
0.0995547587,1.18245274,0.0,0.025563142,0.561017135,0.00255885247,-3.18411744e-14
0.1,1.17679544,0.0,0.0255375156,0.560768717,0.0025365806,-3.18118586e-14
0.10005,1.17629581,0.25,0.150024864,0.680199641,0.127042749,5.67141246e-13
0.10015,1.17556406,0.75,0.39904747,0.912516513,0.376085324,7.81299546e-09
0.100311022,1.17549619,1.55510958,1.15051863,1.17773234,0.777562447,6.2149416e-08
0.100458794,1.17660268,2.29397149,1.94039064,1.17829558,1.14698116,8.64863617e-09
0.100616655,1.17898805,3.08327283,2.70774124,1.18054838,1.54163504,2.02073943e-08
0.100767906,1.18243796,3.83952912,3.48831015,1.18391433,1.91976052,7.89389297e-09
0.101,1.18994336,5.0,4.63030076,1.19116695,2.49999906,1.61280482e-08
0.10103025,1.19109557,5.0,4.67287539,1.19129873,2.5,3.10993506e-09
0.101090751,1.19339929,5.0,4.72200164,1.19340555,2.50000006,4.65676806e-10
0.101211752,1.19800253,5.0,4.73953457,1.19800997,2.50000001,2.3653829e-10
0.101453754,1.20719232,5.0,4.75942455,1.20718052,2.50000006,1.09744997e-10
0.101879709,1.22331363,5.0,4.78115447,1.22331206,2.50000001,4.74811858e-11
0.102379709,1.24214997,5.0,4.80133946,1.24213523,2.50000006,2.18499097e-11
0.102879709,1.26089236,5.0,4.82008722,1.26089001,2.50000001,1.06627349e-11
0.103379709,1.27954126,5.0,4.83787076,1.27952611,2.50000006,5.42796274e-12
0.103879709,1.29809716,5.0,4.85508427,1.29809455,2.50000001,2.84673832e-12
0.104379709,1.31656051,5.0,4.87189806,1.31654526,2.50000006,1.5337104e-12
0.104879709,1.33493177,5.0,4.88848962,1.33492909,2.50000001,8.46853755e-13
0.105379709,1.35321141,5.0,4.90487761,1.35319617,2.50000006,4.80659944e-13
0.105879709,1.37139987,5.0,4.92114986,1.37139717,2.50000001,2.79694748e-13
0.106379709,1.38949762,5.0,4.9372767,1.38948243,2.50000006,1.65749417e-13
0.106879709,1.40750511,5.0,4.95331925,1.40750242,2.50000001,9.74677225e-14
0.107379709,1.42542278,5.0,4.96923369,1.42540765,2.50000006,5.36206842e-14
0.107879709,1.44325109,5.0,4.98507339,1.44324841,2.50000001,2.27352439e-14
0.108379709,1.46099048,5.0,5.00079071,1.46097541,2.50000006,-1.09178533e-15
0.108879709,1.4786414,5.0,5.01643666,1.47863872,2.50000001,-2.11398587e-14
0.109379709,1.49620428,5.0,5.03196268,1.49618926,2.50000006,-3.90565298e-14
0.109879709,1.51367956,5.0,5.04741889,1.5136769,2.50000001,-5.58200795e-14
0.110379709,1.53106769,5.0,5.06275662,1.53105273,2.50000006,-7.18730054e-14
0.110879709,1.54836909,5.0,5.07802584,1.54836643,2.50000001,-8.75361754e-14
0.111379709,1.5655842,5.0,5.09317786,1.5655693,2.50000006,-1.02890338e-13
0.111879709,1.58271345,5.0,5.1082622,1.5827108,2.50000001,-1.18078894e-13
0.112379709,1.59975726,5.0,5.12323044,1.59974242,2.50000006,-1.33106143e-13
0.112879709,1.61671607,5.0,5.13813187,1.61671344,2.50000001,-1.48043613e-13
0.113379709,1.6335903,5.0,5.15291811,1.63357552,2.50000006,-1.62853063e-13
0.113879709,1.65038037,5.0,5.16763832,1.65037774,2.50000001,-1.77588944e-13
0.114379709,1.66708669,5.0,5.18224438,1.66707197,2.50000006,-1.92205951e-13
0.114879709,1.6837097,5.0,5.19678527,1.68370708,2.50000001,-2.06754744e-13
0.115379709,1.70024979,5.0,5.21121311,1.70023512,2.50000006,-2.21188421e-13
0.115879709,1.71670739,5.0,5.22557656,1.71670478,2.50000001,-2.35556296e-13
0.116379709,1.73308291,5.0,5.23982793,1.7330683,2.50000006,-2.4981107e-13
0.116879709,1.74937676,5.0,5.25401575,1.74937415,2.50000001,-2.6400156e-13
0.117379709,1.76558933,5.0,5.26809258,1.76557477,2.50000006,-2.78080513e-13
0.117879709,1.78172105,5.0,5.28210678,1.78171845,2.50000001,-2.92096424e-13
0.118379709,1.79777231,5.0,5.29601083,1.79775781,2.50000006,-3.06001866e-13
0.118879709,1.81374352,5.0,5.30985298,1.81374092,2.50000001,-3.19845166e-13
0.119379709,1.82963506,5.0,5.32358608,1.82962061,2.50000006,-3.33579212e-13
0.119879709,1.84544735,5.0,5.33725796,1.84544476,2.50000001,-3.47251893e-13
0.120379709,1.86118077,5.0,5.35082174,1.86116638,2.50000006,-3.60816354e-13
0.120879709,1.87683573,5.0,5.36432521,1.87683314,2.50000001,-3.74320397e-13
0.121379709,1.8924126,5.0,5.37772158,1.89239825,2.50000006,-3.87717263e-13
0.121879709,1.90791178,5.0,5.39105832,1.9079092,2.50000001,-4.01054434e-13
0.122379709,1.92333366,5.0,5.40428897,1.92331937,2.50000006,-4.14285448e-13
0.122879709,1.93867863,5.0,5.41746075,1.93867604,2.50000001,-4.27457548e-13
0.123379709,1.95394706,5.0,5.43052732,1.95393281,2.50000006,-4.40524402e-13
0.123879709,1.96913933,5.0,5.44353583,1.96913675,2.50000001,-4.53533162e-13
0.124379709,1.98425584,5.0,5.45644009,1.98424165,2.50000006,-4.66437642e-13
0.124879709,1.99929695,5.0,5.46928697,1.99929437,2.50000001,-4.79284716e-13
0.125379709,2.01426304,5.0,5.48203044,2.0142489,2.50000006,-4.92028364e-13
0.125879709,2.02915449,5.0,5.49471733,2.02915191,2.50000001,-5.04715412e-13
0.126379709,2.04397167,5.0,5.50730192,2.04395758,2.50000006,-5.17300141e-13
0.126879709,2.05871495,5.0,5.51983069,2.05871237,2.50000001,-5.2982903e-13
0.127379709,2.0733847,5.0,5.53225797,2.07337065,2.50000006,-5.42256424e-13
0.127879709,2.08798127,5.0,5.54463002,2.08797869,2.50000001,-5.54628581e-13
0.128379709,2.10250505,5.0,5.55690157,2.10249106,2.50000006,-5.66900227e-13
0.128879709,2.11695639,5.0,5.56911879,2.1169538,2.50000001,-5.79117531e-13
0.129379709,2.13133566,5.0,5.58123631,2.13132171,2.50000006,-5.91235123e-13
0.129879709,2.1456432,5.0,5.5933,2.14564061,2.50000001,-6.0329889e-13
0.130379709,2.15987939,5.0,5.60526493,2.15986549,2.50000006,-6.15263876e-13
0.130879709,2.17404457,5.0,5.61717677,2.17404198,2.50000001,-6.2717578e-13
0.131379709,2.18813911,5.0,5.6289907,2.18812525,2.50000006,-6.38989765e-13
0.131879709,2.20216335,5.0,5.6407523,2.20216075,2.50000001,-6.50751415e-13
0.132379709,2.21611764,5.0,5.65241702,2.21610383,2.50000006,-6.62416178e-13
0.132879709,2.23000233,5.0,5.66402995,2.22999973,2.50000001,-6.74029154e-13
0.133379709,2.24381778,5.0,5.67554669,2.24380401,2.50000005,-6.85545934e-13
0.133879709,2.25756432,5.0,5.68701251,2.2575617,2.50000001,-6.97011791e-13
0.134379709,2.27124229,5.0,5.69838315,2.27122857,2.50000005,-7.08382466e-13
0.134879709,2.28485205,5.0,5.70970334,2.28484943,2.50000001,-7.19702688e-13
0.135379709,2.29839393,5.0,5.72092914,2.29838025,2.50000005,-7.30928522e-13
0.135879709,2.31186827,5.0,5.73210529,2.31186564,2.50000001,-7.42104698e-13
0.136379709,2.3252754,5.0,5.74318797,2.32526176,2.50000005,-7.53187405e-13
0.136879709,2.33861567,5.0,5.75422158,2.33861303,2.50000001,-7.64221033e-13
0.137379709,2.3518894,5.0,5.76516245,2.3518758,2.50000005,-7.75161927e-13
0.137879709,2.36509693,5.0,5.7760548,2.36509427,2.50000001,-7.86054298e-13
0.138379709,2.37823858,5.0,5.78685521,2.37822502,2.50000005,-7.96854729e-13
0.138879709,2.3913147,5.0,5.79760784,2.39131203,2.50000001,-8.07607383e-13
0.139379709,2.40432559,5.0,5.80826956,2.40431206,2.50000005,-8.18269115e-13
0.139879709,2.41727159,5.0,5.81888398,2.41726891,2.50000001,-8.28883552e-13
0.140379709,2.43015302,5.0,5.82940809,2.43013953,2.50000005,-8.39407681e-13
0.140879709,2.44297021,5.0,5.83988555,2.44296751,2.50000001,-8.49885158e-13
0.141379709,2.45572347,5.0,5.85027357,2.45571001,2.50000005,-8.60273192e-13
0.141879709,2.46841312,5.0,5.86061549,2.46841041,2.50000001,-8.70615125e-13
0.142379709,2.48103948,5.0,5.87086863,2.48102606,2.50000005,-8.80868279e-13
0.142879709,2.49360287,5.0,5.88107609,2.49360014,2.50000001,-8.91075749e-13
0.143379709,2.5061036,5.0,5.89119521,2.50609021,2.50000005,-9.01194882e-13
0.143879709,2.51854198,5.0,5.90126856,2.51853922,2.50000001,-9.11268245e-13
0.144379709,2.53091832,5.0,5.91125348,2.53090497,2.50000005,-9.21253168e-13
0.144879709,2.54323294,5.0,5.92119182,2.54323016,2.50000001,-9.31191519e-13
0.145379709,2.55548614,5.0,5.93104003,2.5554728,2.50000005,-9.41039741e-13
0.145879709,2.56767822,5.0,5.94083827,2.56767541,2.50000001,-9.50837989e-13
0.146379709,2.57980949,5.0,5.95054115,2.57979618,2.50000005,-9.60540875e-13
0.146879709,2.59188026,5.0,5.96018523,2.59187742,2.50000001,-9.70184971e-13
0.147379709,2.60389083,5.0,5.96971957,2.60387753,2.50000005,-9.79719319e-13
0.147879709,2.61584149,5.0,5.9791717,2.61583859,2.50000001,-9.89171449e-13
0.148379709,2.62773255,5.0,5.98847746,2.62771923,2.50000005,-9.98477222e-13
0.148879709,2.6395643,5.0,5.99764273,2.6395613,2.50000001,-1.00764249e-12
0.149379709,2.65133704,5.0,6.00657021,2.65132363,2.50000005,-1.01656999e-12
0.149879709,2.66305107,5.0,6.01521385,2.66304785,2.50000001,-1.02521362e-12
0.150379709,2.67470667,5.0,6.02339594,2.674693,2.50000005,-1.03339572e-12
0.150689854,2.68190729,5.0,6.02816254,2.68190369,2.50000001,-1.03816232e-12
0.151,2.68908562,5.0,6.03255979,2.68907161,2.50000006,-1.04255958e-12
0.151012252,2.68936119,4.93874188,6.03176886,2.68854303,2.46937431,-1.1030268e-12
0.151036755,2.68989726,4.81622565,6.03128604,2.68901919,2.40811644,-1.22506027e-12
0.151085761,2.69087885,4.57119318,5.60264171,2.68734858,2.28561112,-1.04144832e-12
0.151156667,2.69208465,4.21666627,3.66798504,2.67002839,2.11245891,1.63243456e-05
0.151197313,2.69266047,4.01343742,3.42187577,2.63330148,2.03040056,8.56712928e-05
0.151236115,2.69313018,3.81942519,3.21106152,2.57531553,1.95548916,0.000164042349
0.151287745,2.69363326,3.56127741,2.93615335,2.50446984,1.8677092,0.000313600954
0.151391004,2.69422143,3.04498184,2.40269887,2.34493416,1.69066015,0.000608822105
0.151597522,2.69370456,2.0123907,1.36394613,1.88692936,1.22578786,0.000772589978
0.152,2.68607158,0.0,0.0316974085,0.598757841,0.00859482128,-3.87612945e-14
0.152041304,2.68483594,0.0,0.0316523024,0.598762763,0.00858971306,-3.87110637e-14
0.152123911,2.68236582,0.0,0.0316419439,0.598722346,0.0085797084,-3.8699527e-14
0.152289126,2.67743258,0.0,0.0316221693,0.598640846,0.00855973063,-3.8677502e-14
0.152619555,2.66759403,0.0,0.0315817334,0.59847869,0.00851988666,-3.86324589e-14
0.153119555,2.65277705,0.0,0.0315216733,0.598232892,0.00845988768,-3.85655425e-14
0.153619555,2.63804462,0.0,0.0314612954,0.597987327,0.00840023591,-3.84982558e-14
0.154119555,2.62339628,0.0,0.0314019333,0.59774142,0.00834093174,-3.84320855e-14
0.154619555,2.60883152,0.0,0.0313422415,0.5974961,0.00828196935,-3.83655319e-14
0.155119555,2.59434988,0.0,0.0312835692,0.597250428,0.00822335065,-3.83000996e-14
0.155619555,2.57995087,0.0,0.0312245556,0.59700534,0.00816506982,-3.8234271e-14
0.156119555,2.56563403,0.0,0.0311665654,0.596759886,0.00810712883,-3.8169569e-14
0.156619555,2.55139889,0.0,0.0311082222,0.596515014,0.00804952184,-3.81044579e-14
0.157119555,2.53724498,0.0,0.0310509065,0.596269763,0.00799225089,-3.80404785e-14
0.157619555,2.52317184,0.0,0.030993226,0.596025092,0.00793531011,-3.79760771e-14
0.158119555,2.509179,0.0,0.0309365771,0.595780028,0.00787870161,-3.79128129e-14
0.158619555,2.495266,0.0,0.0308795517,0.595535542,0.0078224195,-3.78491135e-14
0.159119555,2.48143239,0.0,0.0308235623,0.59529065,0.00776646595,-3.7786557e-14
0.159619555,2.46767771,0.0,0.0307671844,0.595046334,0.00771083506,-3.77235521e-14
0.160119555,2.45400151,0.0,0.030711847,0.594801597,0.00765552905,-3.76616959e-14
0.160619555,2.44040335,0.0,0.0306561092,0.594557434,0.007600542,-3.75993781e-14
0.161119555,2.42688278,0.0,0.0306014165,0.594312838,0.00754587621,-3.7538215e-14
0.161619555,2.41343935,0.0,0.0305463114,0.594068812,0.00749152572,-3.74765768e-14
0.162119555,2.40007262,0.0,0.0304922563,0.593824339,0.0074374929,-3.74160996e-14
0.162619555,2.38678216,0.0,0.0304377766,0.593580435,0.00738377177,-3.73551337e-14
0.163119555,2.37356752,0.0,0.0303843519,0.59333607,0.00733036477,-3.72953351e-14
0.163619555,2.36042828,0.0,0.0303304905,0.593092272,0.00727726589,-3.72350344e-14
0.164119555,2.347364,0.0,0.0302776892,0.592847998,0.00722447763,-3.71759075e-14
0.164619555,2.33437425,0.0,0.0302244388,0.592604289,0.00717199395,-3.71162646e-14
0.165119555,2.32145862,0.0,0.0301722539,0.592360091,0.00711981744,-3.70578024e-14
0.165619555,2.30861666,0.0,0.0301196076,0.592116454,0.00706794202,-3.69988104e-14
0.166119555,2.29584797,0.0,0.0300680323,0.591872315,0.00701637034,-3.69410059e-14
0.166619555,2.28315213,0.0,0.0300159831,0.591628736,0.00696509631,-3.68826576e-14
0.167119555,2.27052871,0.0,0.0299650105,0.591384639,0.00691412263,-3.68255041e-14
0.167619555,2.25797731,0.0,0.0299135514,0.591141099,0.00686344319,-3.67677926e-14
0.168119555,2.2454975,0.0,0.0298631749,0.590897028,0.00681306076,-3.67112833e-14
0.168619555,2.23308889,0.0,0.0298122992,0.590653512,0.00676296919,-3.66542018e-14
0.169119555,2.22075106,0.0,0.0297625122,0.59040945,0.00671317134,-3.65983299e-14
0.169619555,2.20848362,0.0,0.0297122131,0.590165941,0.006663661,-3.65418715e-14
0.170119555,2.19628615,0.0,0.0296630089,0.589921871,0.00661444113,-3.64866305e-14
0.170619555,2.18415826,0.0,0.0296132798,0.589678352,0.00656550547,-3.64307884e-14
0.171119555,2.17209954,0.0,0.0295646521,0.589434256,0.00651685705,-3.63761717e-14
0.171619555,2.16010962,0.0,0.0295154864,0.589190711,0.00646848959,-3.63209394e-14
0.172119555,2.14818808,0.0,0.0294674286,0.588946573,0.00642040617,-3.62669405e-14
0.172619555,2.13633454,0.0,0.0294188197,0.588702983,0.0063726005,-3.62123112e-14
0.173119555,2.12454861,0.0,0.0293713257,0.588458786,0.00632507572,-3.61589238e-14
0.173619555,2.1128299,0.0,0.0293232672,0.588215135,0.0062778255,-3.6104891e-14
0.174119555,2.10117804,0.0,0.0292763306,0.587970861,0.00623085306,-3.60521088e-14
0.174619555,2.08959263,0.0,0.0292288162,0.587727131,0.00618415203,-3.5998666e-14
0.175119555,2.0780733,0.0,0.0291824309,0.587482762,0.00613772571,-3.59464826e-14
0.175619555,2.06661966,0.0,0.0291354543,0.587238936,0.00609156768,-3.58936234e-14
0.176119555,2.05523135,0.0,0.0290896141,0.586994455,0.00604568132,-3.58420327e-14
0.176619555,2.04390799,0.0,0.029043169,0.586750514,0.00600006018,-3.57897507e-14
0.177119555,2.03264921,0.0,0.028997868,0.586505902,0.00595470771,-3.57387465e-14
0.177619555,2.02145463,0.0,0.0289519482,0.586261829,0.00590961741,-3.56870355e-14
0.178119555,2.0103239,0.0,0.0289071804,0.586017069,0.00586479281,-3.56366118e-14
0.178619555,1.99925664,0.0,0.02886178,0.585772846,0.00582022738,-3.55854655e-14
0.179119555,1.9882525,0.0,0.0288175395,0.585527918,0.00577592473,-3.55356163e-14
0.179619555,1.97731111,0.0,0.0287726523,0.585283526,0.00573187826,-3.54850285e-14
0.180119555,1.96643211,0.0,0.0287289333,0.585038413,0.00568809167,-3.54357479e-14
0.180619555,1.95561515,0.0,0.0286845534,0.584793834,0.00564455834,-3.53857125e-14
0.181119555,1.94485987,0.0,0.0286413502,0.584548516,0.00560128202,-3.53369946e-14
0.181619555,1.93416592,0.0,0.0285974717,0.58430373,0.00555825604,-3.52875056e-14
0.182119555,1.92353294,0.0,0.0285547787,0.58405819,0.00551548426,-3.52393446e-14
0.182619555,1.9129606,0.0,0.0285113956,0.583813179,0.00547295994,-3.51903959e-14
0.183119555,1.90244853,0.0,0.0284692072,0.583567395,0.00543068703,-3.51427861e-14
0.183619555,1.89199641,0.0,0.0284263139,0.583322139,0.00538865874,-3.50943719e-14
0.184119555,1.88160388,0.0,0.0283846245,0.583076093,0.00534687909,-3.50473077e-14
0.184619555,1.8712706,0.0,0.0283422153,0.582830574,0.00530534127,-3.4999422e-14
0.185119555,1.86099624,0.0,0.0283010194,0.582584246,0.00526404936,-3.49528977e-14
0.185619555,1.85078045,0.0,0.0282590887,0.582338442,0.0052229965,-3.49055348e-14
0.186119555,1.84062291,0.0,0.0282183809,0.582091812,0.00518218686,-3.48595448e-14
0.186619555,1.83052328,0.0,0.0281769231,0.581845705,0.00514161351,-3.4812699e-14
0.187119555,1.82048122,0.0,0.0281366981,0.581598752,0.00510128074,-3.47672379e-14
0.187619555,1.81049641,0.0,0.0280957077,0.581352321,0.00506118154,-3.47209034e-14
0.188119555,1.80056853,0.0,0.0280559603,0.581105025,0.00502132029,-3.46759658e-14
0.188619555,1.79069724,0.0,0.0280154317,0.580858249,0.00498168994,-3.46301369e-14
0.189119555,1.78088222,0.0,0.0279761567,0.580610589,0.00494229493,-3.45857175e-14
0.189619555,1.77112315,0.0,0.0279360847,0.580363447,0.00490312817,-3.45403886e-14
0.190119555,1.76141971,0.0,0.0278972769,0.580115402,0.0048641942,-3.44964821e-14
0.190619555,1.75177158,0.0,0.027857656,0.579867873,0.00482548585,-3.44516477e-14
0.191119555,1.74217845,0.0,0.0278193103,0.579619422,0.00478700774,-3.44082488e-14
0.191619555,1.73264,0.0,0.0277801353,0.579371484,0.00474875268,-3.43639035e-14
0.192119555,1.72315591,0.0,0.0277422469,0.579122604,0.00471072536,-3.43210071e-14
0.192619555,1.71372588,0.0,0.0277035125,0.578874236,0.00467291852,-3.42771454e-14
0.193119555,1.7043496,0.0,0.0276660763,0.578624904,0.00463533695,-3.42347463e-14
0.193619555,1.69502675,0.0,0.0276277775,0.578376084,0.00459797333,-3.41913628e-14
0.194119555,1.68575704,0.0,0.0275907885,0.578126279,0.00456083254,-3.41494561e-14
0.194619555,1.67654016,0.0,0.0275529201,0.577876983,0.0045239072,-3.41065455e-14
0.195119555,1.66737581,0.0,0.0275163737,0.577626681,0.00448720228,-3.40651261e-14
0.195619555,1.65826368,0.0,0.0274789306,0.577376887,0.00445071032,-3.40226832e-14
0.196119555,1.64920348,0.0,0.027442822,0.577126065,0.00441443641,-3.39817461e-14
0.196619555,1.64019492,0.0,0.0274057992,0.576875749,0.00437837302,-3.39397656e-14
0.197119555,1.63123768,0.0,0.0273701237,0.576624384,0.00434252533,-3.38993061e-14
0.197619555,1.62233149,0.0,0.0273335162,0.576373522,0.00430688574,-3.38577828e-14
0.198119555,1.61347605,0.0,0.0272982692,0.576121589,0.00427145952,-3.3817796e-14
0.198619555,1.60467107,0.0,0.0272620722,0.575870157,0.00423623902,-3.37767249e-14
0.199119555,1.59591625,0.0,0.0272272491,0.575617631,0.0042012296,-3.37372061e-14
0.199559777,1.58824942,0.0,0.0271956557,0.575395603,0.00417057454,-3.37013471e-14
0.2,1.58062107,0.0,0.027165404,0.575172723,0.00414008142,-3.36670061e-14
0.20005,1.57989117,0.25,0.151649942,0.696499441,0.128637495,5.36458498e-13
0.20015,1.57869973,0.75,0.400648254,0.936990687,0.377644388,7.34412611e-09
0.20035,1.57793844,1.75,1.15516841,1.50796198,0.901040182,9.72166177e-05
0.200519006,1.57893419,2.59503135,2.21532728,1.58229138,1.2975085,2.37448127e-08
0.200679184,1.58120178,3.39592001,3.05080295,1.58141719,1.69796067,6.23504304e-09
0.200839592,1.5847535,4.19796001,3.82400126,1.58752908,2.09897367,1.90152212e-08
0.201,1.58958503,5.0,4.65755739,1.58969939,2.50000107,5.62257581e-09
0.201032082,1.5906788,5.0,4.68312571,1.59078485,2.50000003,2.09246851e-09
0.201096245,1.59286563,5.0,4.71732279,1.59289312,2.50000003,5.57967346e-10
0.201224571,1.59723509,5.0,4.73912318,1.5972319,2.50000004,2.40327034e-10
0.201481224,1.60595718,5.0,4.75661599,1.60595421,2.50000003,1.22309136e-10
0.201981224,1.62288507,5.0,4.7812918,1.62287636,2.50000004,4.72307183e-11
0.202481224,1.63972853,5.0,4.79874953,1.63972135,2.50000003,2.41338142e-11
0.202981224,1.65648799,5.0,4.81634793,1.65647945,2.50000004,1.22985543e-11
0.203481224,1.67316385,5.0,4.83262315,1.67315596,2.50000003,6.61991329e-12
0.203981224,1.68975654,5.0,4.84822455,1.68974769,2.50000004,3.67720391e-12
0.204481224,1.70626648,5.0,4.86339142,1.70625841,2.50000003,2.09348458e-12
0.204981224,1.72269407,5.0,4.87827027,1.72268513,2.50000004,1.21822128e-12
0.205481224,1.73903973,5.0,4.89295016,1.73903162,2.50000003,7.24327791e-13
0.205981224,1.75530387,5.0,4.90747674,1.75529492,2.50000004,4.40245665e-13
0.206481224,1.77148688,5.0,4.92188131,1.77147878,2.50000003,2.73084268e-13
0.206981224,1.78758919,5.0,4.9361766,1.78758026,2.50000004,1.71760524e-13
0.207481224,1.80361118,5.0,4.95037529,1.8036031,2.50000003,1.07739608e-13
0.207981224,1.81955326,5.0,4.96447955,1.81954436,2.50000004,6.50042786e-14
0.208481224,1.83541583,5.0,4.97849624,1.83540778,2.50000003,3.44687826e-14
0.208981224,1.85119929,5.0,4.9924242,1.85119042,2.50000004,1.09788636e-14
0.209481224,1.86690402,5.0,5.00626813,1.866896,2.50000003,-8.42024511e-15
0.209981224,1.88253043,5.0,5.02002569,1.88252159,2.50000003,-2.54151592e-14
0.210481224,1.8980789,5.0,5.03370099,1.8980709,2.50000003,-4.09837325e-14
0.210981224,1.91354982,5.0,5.04729131,1.91354101,2.50000003,-5.56845982e-14
0.211481224,1.92894358,5.0,5.06080054,1.92893561,2.50000003,-6.98475154e-14
0.211981224,1.94426057,5.0,5.07422576,1.94425179,2.50000003,-8.36586295e-14
0.212481224,1.95950116,5.0,5.08757066,1.9594932,2.50000003,-9.72242922e-14
0.212981224,1.97466573,5.0,5.10083256,1.97465698,2.50000003,-1.10605672e-13
0.213481224,1.98975468,5.0,5.11401516,1.98974675,2.50000003,-1.23858224e-13
0.213981224,2.00476836,5.0,5.12711572,2.00475964,2.50000003,-1.37002472e-13
0.214481224,2.01970717,5.0,5.14013764,2.01969926,2.50000003,-1.50053119e-13
0.214981224,2.03457147,5.0,5.15307808,2.03456276,2.50000003,-1.63013237e-13
0.215481224,2.04936163,5.0,5.16594105,2.04935374,2.50000003,-1.75890143e-13
0.215981224,2.06407802,5.0,5.17872354,2.06406935,2.50000003,-1.886828e-13
0.216481224,2.07872102,5.0,5.19142906,2.07871316,2.50000003,-2.01395903e-13
0.216981224,2.09329098,5.0,5.20405496,2.09328233,2.50000003,-2.1402758e-13
0.217481224,2.10778828,5.0,5.21660493,2.10778044,2.50000003,-2.26582037e-13
0.217981224,2.12221327,5.0,5.22907611,2.12220464,2.50000003,-2.39056761e-13
0.218481224,2.13656631,5.0,5.24147186,2.13655849,2.50000003,-2.51455335e-13
0.218981224,2.15084777,5.0,5.25378949,2.15083917,2.50000003,-2.63775262e-13
0.219481224,2.165058,5.0,5.26603273,2.1650502,2.50000003,-2.76020375e-13
0.219981224,2.17919736,5.0,5.2781988,2.17918877,2.50000003,-2.88187998e-13
0.220481224,2.19326619,5.0,5.29029118,2.19325841,2.50000003,-3.00281668e-13
0.220981224,2.20726486,5.0,5.30230702,2.2072563,2.50000003,-3.12298598e-13
0.221481224,2.22119371,5.0,5.31424982,2.22118594,2.50000003,-3.24242327e-13
0.221981224,2.23505308,5.0,5.32611696,2.23504454,2.50000003,-3.36110258e-13
0.222481224,2.24884334,5.0,5.33791202,2.24883559,2.50000003,-3.4790599e-13
0.222981224,2.26256481,5.0,5.34963207,2.26255629,2.50000003,-3.59626626e-13
0.223481224,2.27621785,5.0,5.3612806,2.27621011,2.50000003,-3.71275663e-13
0.223981224,2.28980279,5.0,5.37285505,2.28979429,2.50000003,-3.8285056e-13
0.224481224,2.30331998,5.0,5.38435885,2.30331226,2.50000003,-3.94354757e-13
0.224981224,2.31676975,5.0,5.39578916,2.31676126,2.50000003,-4.05785413e-13
0.225481224,2.33015243,5.0,5.4071495,2.33014473,2.50000003,-4.17146057e-13
0.225981224,2.34346838,5.0,5.41843723,2.34345991,2.50000003,-4.28434053e-13
0.226481224,2.35671791,5.0,5.42965577,2.35671021,2.50000003,-4.39652838e-13
0.226981224,2.36990135,5.0,5.44080237,2.3698929,2.50000003,-4.50799658e-13
0.227481224,2.38301904,5.0,5.45188055,2.38301136,2.50000003,-4.61878026e-13
0.227981224,2.39607131,5.0,5.46288752,2.39606287,2.50000003,-4.7288517e-13
0.228481224,2.40905848,5.0,5.47382671,2.40905081,2.50000003,-4.83824527e-13
0.228981224,2.42198088,5.0,5.48469549,2.42197245,2.50000003,-4.94693449e-13
0.229481224,2.43483882,5.0,5.49549721,2.43483116,2.50000003,-5.05495301e-13
0.229981224,2.44763264,5.0,5.50622915,2.44762422,2.50000003,-5.16227358e-13
0.230481224,2.46036264,5.0,5.51689462,2.46035499,2.50000003,-5.26892941e-13
0.230981224,2.47302916,5.0,5.52749093,2.47302076,2.50000003,-5.37489343e-13
0.231481224,2.4856325,5.0,5.53802121,2.48562485,2.50000003,-5.48019719e-13
0.231981224,2.49817298,5.0,5.54848281,2.49816458,2.50000003,-5.58481398e-13
0.232481224,2.51065091,5.0,5.55887887,2.51064327,2.50000003,-5.68877536e-13
0.232981224,2.52306661,5.0,5.56920623,2.52305823,2.50000003,-5.79204964e-13
0.233481224,2.53542039,5.0,5.57946745,2.53541274,2.50000003,-5.89466251e-13
0.233981224,2.54771255,5.0,5.58965893,2.54770417,2.50000003,-5.99657791e-13
0.234481224,2.55994341,5.0,5.59978231,2.55993576,2.50000003,-6.09781228e-13
0.234981224,2.57211326,5.0,5.6098323,2.57210487,2.50000003,-6.1983127e-13
0.235481224,2.58422241,5.0,5.619808,2.58421476,2.50000003,-6.29807022e-13
0.235981224,2.59627117,5.0,5.62970003,2.59626277,2.50000003,-6.39699097e-13
0.236481224,2.60825984,5.0,5.63950097,2.60825216,2.50000003,-6.49500082e-13
0.236981224,2.62018871,5.0,5.6491916,2.62018028,2.50000003,-6.59190754e-13
0.237481224,2.63205809,5.0,5.65874892,2.63205035,2.50000003,-6.68748108e-13
0.237981224,2.64386827,5.0,5.66812927,2.64385975,2.50000003,-6.78128486e-13
0.238481224,2.65561954,5.0,5.67727168,2.65561166,2.50000003,-6.87270929e-13
0.238981224,2.66731221,5.0,5.68607351,2.66730348,2.50000003,-6.9607279e-13
0.239481224,2.67894655,5.0,5.69438223,2.67893835,2.50000003,-7.04381536e-13
0.239981224,2.69052287,5.0,5.70195343,2.69051366,2.50000004,-7.1195276e-13
0.240481224,2.70204146,5.0,5.70841583,2.7020325,2.50000004,-7.18415176e-13
0.240981224,2.71350259,5.0,5.71318866,2.71349222,2.50000004,-7.2318802e-13
0.241481224,2.72490656,5.0,5.7153841,2.72489585,2.50000004,-7.25383464e-13
0.241981224,2.73625365,5.0,5.71363105,2.73624061,2.50000005,-7.23630411e-13
0.242481224,2.74754414,5.0,5.70583738,2.74752936,2.50000006,-7.15836722e-13
0.242981224,2.75877833,5.0,5.68880476,2.75875909,2.50000008,-6.98804043e-13
0.243481224,2.76995647,5.0,5.65768448,2.76993225,2.5000001,-6.67683659e-13
0.243981224,2.78107886,5.0,5.60515341,2.78104532,2.50000014,-6.1515236e-13
0.244481224,2.79214577,5.0,5.5202599,2.79209988,2.50000019,-5.30258245e-13
0.244981224,2.80315747,5.0,5.38680723,2.80309121,2.50000027,-3.96803213e-13
0.245481224,2.81411423,5.0,5.1744987,2.814013,2.50000042,-1.84454928e-13
0.245981224,2.82501631,5.0,4.85014621,2.82486745,2.50000061,3.42213449e-12
0.246481224,2.83586405,5.0,4.67155337,2.83584645,2.50000091,3.27300947e-09
0.246981224,2.84665773,5.0,4.66638654,2.8466161,2.50000127,3.99664626e-09
0.247481224,2.85739756,5.0,4.65186416,2.85736131,2.5000019,7.00688422e-09
0.247981224,2.86808382,5.0,4.64336691,2.86802832,2.50000283,9.73185333e-09
0.248481224,2.87871678,5.0,4.63149778,2.87865324,2.50000424,1.53986757e-08
0.248981224,2.88929669,5.0,4.6215874,2.889208,2.50000633,2.25883293e-08
0.249481224,2.89982381,5.0,4.61072323,2.89971185,2.50000944,3.43795947e-08
0.249981224,2.91029841,5.0,4.60050304,2.91014431,2.50001406,5.10393646e-08
0.250481224,2.92072073,5.0,4.59003583,2.92051788,2.50002091,7.64993418e-08
0.250740612,2.92610706,5.0,4.58477108,2.92585923,2.5000268,9.37685132e-08
0.251,2.93147942,5.0,4.57942598,2.93119302,2.50003286,1.15293722e-07
0.251018593,2.93184657,4.90703626,4.44458771,2.92869947,2.45367655,5.81988119e-07
0.251055778,2.93254588,4.72110877,4.17529861,2.91800583,2.36389697,1.46092538e-05
0.251130149,2.93373102,4.3492538,3.74430641,2.83290063,2.21473551,0.000143745258
0.25123117,2.93487914,3.84415241,3.21142601,2.6838113,2.03956193,0.000420753127
0.251344361,2.93553164,3.27819269,2.62986854,2.51318191,1.85276556,0.000769001144
0.251525215,2.9351801,2.37392428,1.71394982,2.20042316,1.52778881,0.0012065514
0.251762608,2.93201188,1.18696214,0.637172716,1.19922575,0.605309679,1.70389654e-05
0.251958798,2.92706018,0.206008198,0.135222431,0.704022467,0.112157784,2.15152846e-13
0.252,2.92575916,6.48370246e-14,0.0326421317,0.602601165,0.00956594455,-3.98113252e-14
0.252020564,2.92508742,0.0,0.0326317978,0.602563664,0.00956333308,-3.97998601e-14
0.252061692,2.92374424,0.0,0.0326265119,0.602543039,0.00955788728,-3.97939954e-14
0.252143947,2.92105978,0.0,0.0326153615,0.602502291,0.00954700142,-3.97816236e-14
0.252308458,2.91569845,0.0,0.032593689,0.602420393,0.00952526255,-3.97575757e-14
0.25263748,2.905006,0.0,0.0325498742,0.6022572,0.00948190682,-3.97089525e-14
0.25313748,2.88883406,0.0,0.0324841046,0.602009038,0.00941633831,-3.96359497e-14
0.25363748,2.87275442,0.0,0.03241832,0.60176101,0.00935114932,-3.9562912e-14
0.25413748,2.85676656,0.0,0.0323533104,0.601512867,0.00928633871,-3.94907165e-14
0.25463748,2.84086994,0.0,0.0322882765,0.601265199,0.00922190187,-3.9418476e-14
0.25513748,2.82506406,0.0,0.0322240177,0.601017409,0.00915783914,-3.93470785e-14
0.25563748,2.80934839,0.0,0.0321597259,0.600770091,0.00909414591,-3.92756267e-14
0.25613748,2.79372241,0.0,0.0320962094,0.600522638,0.00903082258,-3.9205019e-14
0.25663748,2.77818562,0.0,0.0320326513,0.600275653,0.00896786453,-3.91343476e-14
0.25713748,2.76273749,0.0,0.0319698687,0.600028522,0.00890527221,-3.90645213e-14
0.25763748,2.74737753,0.0,0.0319070357,0.599781855,0.00884304101,-3.89946219e-14
0.25813748,2.73210524,0.0,0.0318449788,0.599535031,0.00878117141,-3.89255689e-14
0.25863748,2.7169201,0.0,0.0317828628,0.599288667,0.00871965882,-3.88564334e-14
0.25913748,2.70182162,0.0,0.0317215233,0.599042135,0.00865850375,-3.87881455e-14
0.25963748,2.68680931,0.0,0.031660116,0.598796057,0.00859770162,-3.87197657e-14
0.26013748,2.67188268,0.0,0.0315994859,0.598549802,0.00853725299,-3.8652235e-14
0.26063748,2.65704122,0.0,0.0315387792,0.598303996,0.00847715327,-3.85846028e-14
0.26113748,2.64228447,0.0,0.0314788505,0.598058001,0.00841740307,-3.85178214e-14
0.26163748,2.62761192,0.0,0.0314188364,0.597812452,0.0083579978,-3.84509289e-14
0.26213748,2.61302311,0.0,0.0313596012,0.597566702,0.00829893812,-3.83848888e-14
0.26263748,2.59851755,0.0,0.0313002718,0.597321394,0.00824021943,-3.83187281e-14
0.26313748,2.58409476,0.0,0.0312417222,0.597075874,0.00818184245,-3.82534216e-14
0.26363748,2.56975428,0.0,0.0311830696,0.596830791,0.00812380256,-3.81879849e-14
0.26413748,2.55549562,0.0,0.031125198,0.596585485,0.00806610055,-3.81234044e-14
0.26463748,2.54131834,0.0,0.0310672145,0.596340612,0.00800873178,-3.8058684e-14
0.26513748,2.52722195,0.0,0.0310100131,0.596095504,0.0079516971,-3.79948218e-14
0.26563748,2.51320599,0.0,0.030952691,0.595850826,0.00789499185,-3.793081e-14
0.26613748,2.49927002,0.0,0.0308961525,0.595605901,0.00783861693,-3.78676587e-14
0.26663748,2.48541356,0.0,0.0308394842,0.595361401,0.0077825677,-3.78043479e-14
0.26713748,2.47163617,0.0,0.030783601,0.595116642,0.00772684508,-3.77418999e-14
0.26763748,2.45793739,0.0,0.0307275791,0.594872305,0.00767144443,-3.76792827e-14
0.26813748,2.44431677,0.0,0.0306723438,0.594627698,0.00761636674,-3.76175308e-14
0.26863748,2.43077386,0.0,0.0306169608,0.594383508,0.00756160733,-3.75555997e-14
0.26913748,2.41730823,0.0,0.0305623662,0.594139035,0.00750716726,-3.74945365e-14
0.26963748,2.40391943,0.0,0.0305076149,0.593894976,0.00745304185,-3.74332842e-14
0.27013748,2.39060702,0.0,0.0304536537,0.593650622,0.0073992322,-3.73729025e-14
0.27063748,2.37737056,0.0,0.0303995268,0.593406678,0.00734573361,-3.73123218e-14
0.27113748,2.36420962,0.0,0.030346192,0.593162428,0.00729254724,-3.72526144e-14
0.27163748,2.35112377,0.0,0.0302926823,0.592918582,0.00723966839,-3.71926981e-14
0.27213748,2.33811257,0.0,0.0302399668,0.592674418,0.00718709826,-3.7133658e-14
0.27263748,2.32517561,0.0,0.0301870673,0.592430656,0.00713483214,-3.70743989e-14
0.27313748,2.31231245,0.0,0.0301349641,0.592186562,0.00708287128,-3.70160192e-14
0.27363748,2.29952268,0.0,0.0300826678,0.591942866,0.00703121097,-3.69574103e-14
0.27413748,2.28680587,0.0,0.0300311702,0.591698826,0.0069798525,-3.6899684e-14
0.27463748,2.27416161,0.0,0.0299794701,0.59145518,0.00692879115,-3.68417183e-14
0.27513748,2.26158948,0.0,0.0299285712,0.591211177,0.00687802827,-3.67846386e-14
0.27563748,2.24908907,0.0,0.0298774605,0.590967564,0.00682755911,-3.67273092e-14
0.27613748,2.23665997,0.0,0.0298271536,0.590723582,0.00677738509,-3.66708693e-14
0.27663748,2.22430177,0.0,0.0297766256,0.590479986,0.00672750144,-3.66141693e-14
0.27713748,2.21201407,0.0,0.0297269041,0.590236008,0.00667790964,-3.65583626e-14
0.27763748,2.19979646,0.0,0.029676952,0.589992412,0.00662860488,-3.65022854e-14
0.27813748,2.18764854,0.0,0.0296278093,0.589748421,0.00657958872,-3.64471052e-14
0.27863748,2.17556992,0.0,0.0295784267,0.589504808,0.00653085634,-3.63916439e-14
0.27913748,2.1635602,0.0,0.0295298563,0.589260786,0.00648240932,-3.63370837e-14
0.27963748,2.15161898,0.0,0.0294810365,0.589017139,0.00643424285,-3.62822318e-14
0.28013748,2.13974587,0.0,0.0294330321,0.588773071,0.00638635856,-3.62282851e-14
0.28063748,2.12794048,0.0,0.0293847687,0.588529372,0.00633875161,-3.6174036e-14
0.28113748,2.11620243,0.0,0.0293373239,0.588285239,0.00629142371,-3.61206963e-14
0.28163748,2.10453133,0.0,0.0292896104,0.588041472,0.00624436998,-3.60670436e-14
0.28213748,2.09292679,0.0,0.0292427191,0.587797257,0.0061975922,-3.60143047e-14
0.28263748,2.08138845,0.0,0.0291955493,0.587553404,0.00615108545,-3.59612418e-14
0.28313748,2.06991591,0.0,0.0291492052,0.587309088,0.00610485158,-3.59090974e-14
0.28363748,2.0585088,0.0,0.0291025728,0.587065131,0.00605888566,-3.5856618e-14
0.28413748,2.04716674,0.0,0.0290567698,0.586820698,0.00601318958,-3.58050618e-14
0.28463748,2.03588937,0.0,0.0290106686,0.58657662,0.00596775839,-3.57531597e-14
0.28513748,2.02467632,0.0,0.0289654007,0.586332051,0.00592259404,-3.57021857e-14
0.28563748,2.01352722,0.0,0.0289198247,0.586087832,0.00587769156,-3.56508545e-14
0.28613748,2.00244169,0.0,0.0288750859,0.585843109,0.00583305297,-3.56004565e-14
0.28663748,1.99141938,0.0,0.028830029,0.585598733,0.00578867326,-3.55496902e-14
0.28713748,1.98045993,0.0,0.0287858135,0.585353837,0.0057445545,-3.54998622e-14
0.28763748,1.96956298,0.0,0.0287412698,0.585109284,0.00570069167,-3.54496546e-14
0.28813748,1.95872816,0.0,0.0286975717,0.584864198,0.0056570869,-3.54003908e-14
0.28863748,1.94795513,0.0,0.0286535352,0.584619449,0.00561373515,-3.53507358e-14
0.28913748,1.93724353,0.0,0.0286103488,0.584374153,0.0055706386,-3.53020302e-14
0.28963748,1.92659301,0.0,0.0285668136,0.58412919,0.00552779218,-3.52529219e-14
0.29013748,1.91600322,0.0,0.0285241333,0.583883665,0.00548519813,-3.52047687e-14
0.29063748,1.9054738,0.0,0.0284810938,0.583638469,0.00544285136,-3.51562011e-14
0.29113748,1.89500443,0.0,0.0284389138,0.583392695,0.00540075419,-3.51085945e-14
0.29163748,1.88459475,0.0,0.0283963642,0.583147246,0.00535890146,-3.50605619e-14
0.29213748,1.87424442,0.0,0.0283546791,0.582901204,0.00531729557,-3.50134963e-14
0.29263748,1.8639531,0.0,0.0283126139,0.582655483,0.00527593135,-3.49659927e-14
0.29313748,1.85372046,0.0,0.0282714181,0.582409153,0.00523481124,-3.49194625e-14
0.29363748,1.84354615,0.0,0.0282298316,0.58216314,0.00519393004,-3.48724821e-14
0.29413748,1.83342985,0.0,0.0281891198,0.581916502,0.00515329026,-3.48264817e-14
0.29463748,1.82337123,0.0,0.0281480064,0.581670177,0.00511288667,-3.4780019e-14
0.29513748,1.81336995,0.0,0.0281077733,0.58142321,0.00507272184,-3.47345429e-14
0.29563748,1.80342568,0.0,0.0280671277,0.581176552,0.00503279051,-3.46885922e-14
0.29613748,1.7935381,0.0,0.0280273679,0.580929236,0.00499309531,-3.4643635e-14
0.29663748,1.78370689,0.0,0.0279871846,0.580682225,0.00495363095,-3.45981907e-14
0.29713748,1.77393172,0.0,0.027947893,0.580434539,0.00491440013,-3.45537469e-14
0.29763748,1.76421227,0.0,0.0279081667,0.580187153,0.00487539752,-3.45088035e-14
0.29813748,1.75454822,0.0,0.0278693381,0.579939075,0.00483662589,-3.44648679e-14
0.29863748,1.74493926,0.0,0.0278300636,0.579691293,0.00479807986,-3.44204199e-14
0.29913748,1.73538507,0.0,0.0277916928,0.579442802,0.00475976228,-3.43769872e-14
0.29956874,1.72718815,0.0,0.0277581429,0.579228563,0.0047268924,-3.43390051e-14
0.3,1.71903154,0.0,0.027725446,0.579013862,0.00469419043,-3.43019832e-14
