time,v(N001),v(N002),v(N003),v(N004),v(N005),v(N006),v(N007),v(N008)
0.0,0.0,3.66400021,3.02445816,6.76332305,0.0,0.0,12.0,0.0
1e-06,0.00036081169,3.66436076,3.02445826,6.72267119,-0.040651451,0.000628318489,12.0,0.0
2e-06,0.00082480557,3.66482432,3.0244585,6.66883839,-0.0944833077,0.00125663673,12.0,0.0
4e-06,0.00180985222,3.66580823,3.02445927,6.5513011,-0.212017535,0.00251327148,12.0,0.0
8e-06,0.00383800229,3.6678326,3.02446265,6.29629448,-0.467010575,0.00502652708,12.0,0.0
1.6e-05,0.00778510105,3.67176587,3.02447742,5.74893213,-1.01431367,0.0100529272,12.0,0.0
3.2e-05,0.0153806208,3.67930545,3.02454302,4.48385839,-2.27912393,0.0201048383,12.0,0.0
5.54392356e-05,0.0226787218,3.68640582,3.02471601,3.13071395,-3.63157567,0.0348264552,12.0,0.0
7.22382873e-05,0.0242267318,3.68767418,3.02486997,3.10383406,-3.65784328,0.0453730717,12.0,0.0
8.86174268e-05,0.0257151811,3.68874429,3.02502233,3.09082567,-3.67025153,0.0556512055,12.0,0.0
0.000109827468,0.0278691171,3.69014507,3.02522226,3.08259928,-3.67769867,0.0689518791,12.0,0.0
0.000152247551,0.0325117139,3.69258001,3.02562992,3.07367616,-3.68506014,0.0955141294,12.0,0.0
0.000224257162,0.0421851204,3.69644741,3.02634384,3.06413569,-3.69194453,0.140439134,12.0,0.0
0.000324257162,0.0588574664,3.70103342,3.02737676,3.05812111,-3.69426601,0.202330232,12.0,0.0
0.000424257162,0.0792817747,3.70507704,3.02845297,3.05493645,-3.69375666,0.263422825,12.0,0.0
0.000524257162,0.103094839,3.708664,3.02956751,3.05296401,-3.6920362,0.323475808,12.0,0.0
0.000624257162,0.129890834,3.71182288,3.03071572,3.05234014,-3.68896957,0.38225218,12.0,0.0
0.000724257162,0.159312307,3.7146159,3.03189317,3.05221344,-3.68540908,0.439519977,12.0,0.0
0.000824257162,0.191103022,3.71719872,3.03309565,3.05236769,-3.68157134,0.49505319,12.0,0.0
0.000924257162,0.224784684,3.71949048,3.03431912,3.05287091,-3.67738864,0.548632654,12.0,0.0
0.00102425716,0.260104856,3.72162115,3.03555969,3.05351334,-3.67307098,0.600046916,12.0,0.0
0.00112425716,0.296613858,3.72350909,3.03681364,3.05438269,-3.66853083,0.649093066,12.0,0.0
0.00122425716,0.334067361,3.72526312,3.0380774,3.05533362,-3.66391368,0.695577543,12.0,0.0
0.00132425716,0.372045916,3.72680262,3.03934755,3.05645069,-3.65913509,0.739316893,12.0,0.0
0.00142425716,0.410321133,3.72822342,3.04062085,3.05762055,-3.6543085,0.780138497,12.0,0.0
0.00152425716,0.448503196,3.72944571,3.04189415,3.05892596,-3.64935126,0.817881251,12.0,0.0
0.00162425716,0.486384138,3.73055715,3.0431645,3.06027085,-3.64435951,0.852396201,12.0,0.0
0.00172425716,0.523602871,3.73147806,3.04442906,3.06173896,-3.6392496,0.883547133,12.0,0.0
0.00182425716,0.55997484,3.73229101,3.04568516,3.0632442,-3.63410768,0.911211108,12.0,0.0
0.00192425716,0.595166769,3.73291551,3.04693024,3.064875,-3.62884541,0.935278948,12.0,0.0
0.00202425716,0.629019815,3.73343116,3.04816191,3.0665515,-3.62354271,0.955655671,12.0,0.0
0.00212425716,0.66122762,3.73375551,3.04937793,3.06837212,-3.61810126,0.972260856,12.0,0.0
0.00222425716,0.691659015,3.73396674,3.05057617,3.07026199,-3.61259605,0.985028973,12.0,0.0
0.00232425716,0.720033561,3.73397899,3.05175468,3.07233811,-3.60691018,0.99390963,12.0,0.0
0.00242425716,0.746249529,3.73387024,3.05291162,3.07453295,-3.60111133,0.99886778,12.0,0.0
0.00252425716,0.770051073,3.73354923,3.05404532,3.07699864,-3.59504756,0.999883855,12.0,0.0
0.00262425716,0.791367478,3.73309468,3.05515424,3.0796862,-3.58876809,0.996953845,12.0,0.0
0.00272425716,0.809965488,3.73240718,3.05623695,3.08282122,-3.58204766,0.990089314,12.0,0.0
0.00282425716,0.825806634,3.7315666,3.05729219,3.08641492,-3.5748755,0.979317353,12.0,0.0
0.00292425716,0.838676848,3.73046109,3.05831878,3.09088098,-3.56683858,0.964680473,12.0,0.0
0.00302425716,0.848570177,3.72917093,3.05931563,3.09647397,-3.55768333,0.946236441,12.0,0.0
0.00312425716,0.85518605,3.72745989,3.06028146,3.1062031,-3.54440316,0.924058045,12.0,0.0
0.00322425716,0.858720424,3.72557504,3.06121463,3.12104725,-3.5260238,0.898232815,12.0,0.0
0.00332425716,0.858718676,3.72309048,3.06210798,3.18666262,-3.45691696,0.86886267,12.0,0.0
0.00342425716,0.835951459,3.69981046,3.06250727,6.96099803,0.318987416,0.836063521,12.0,0.0
0.00352425716,0.803189301,3.66720392,3.06218494,8.98116504,2.33782602,0.799964811,12.0,0.0
0.00362425716,0.767108628,3.63160445,3.06153385,9.60728884,2.96130026,0.760709006,12.0,0.0
0.00372425716,0.725556375,3.59072745,3.06078277,9.78826666,3.13922782,0.718451029,12.0,0.0
0.00382425716,0.682811106,3.54881012,3.06000523,9.82377543,3.17158119,0.673357655,12.0,0.0
0.00392425716,0.635597685,3.50256891,3.05922214,9.83685495,3.18148417,0.625606846,12.0,0.0
0.00402425716,0.587786065,3.45587679,3.05843786,9.83742583,3.17887487,0.575387052,12.0,0.0
0.00412425716,0.535941358,3.40530427,3.05765353,9.84138435,3.17965412,0.522896468,12.0,0.0
0.00422425716,0.483900674,3.35469376,3.05686957,9.8387359,3.17382894,0.468342251,12.0,0.0
0.00432425716,0.428258215,3.30064514,3.05608584,9.84369345,3.17561176,0.411939701,12.0,0.0
0.00442425716,0.372836438,3.24698554,3.05530231,9.84126922,3.17001472,0.353911414,12.0,0.0
0.00452425716,0.314255915,3.19033975,3.05451898,9.84625196,3.17182654,0.294486399,12.0,0.0
0.00462425716,0.256339354,3.13453367,3.05373586,9.84383685,3.1662424,0.233899182,12.0,0.0
0.00472425716,0.195728819,3.07621214,3.05295294,9.84881385,3.16805225,0.172388871,12.0,0.0
0.00482425716,0.136243751,3.01919635,3.05217022,9.84640235,3.16247548,0.11019822,12.0,0.0
0.00492425716,0.0745434914,2.96014691,3.0513877,9.85137295,3.16428271,0.0475726666,12.0,0.0
0.00502425716,0.0144409126,2.90287695,3.05060538,9.84896492,3.15871317,-0.0152406341,12.0,0.0
0.00512425716,-0.0473915206,2.8440587,3.04982326,9.85392915,3.1605178,-0.0779937869,12.0,0.0
0.00522425716,-0.10715092,2.78749383,3.04904134,9.85152455,3.15495545,-0.140439134,12.0,0.0
0.00532425716,-0.168155828,2.72986205,3.04825963,9.85648245,3.1567575,-0.202330232,12.0,0.0
0.00542425716,-0.226616816,2.67495008,3.04747811,9.85408124,3.15120231,-0.263422825,12.0,0.0
0.00552425716,-0.285847491,2.61944112,3.0466968,9.85903285,3.15300181,-0.323475808,12.0,0.0
0.00562425716,-0.342075355,2.56710352,3.04591568,9.856635,3.14745374,-0.38225218,12.0,0.0
0.00572425716,-0.398613012,2.51462005,3.04513477,9.86158033,3.14925072,-0.439519977,12.0,0.0
0.00582425716,-0.451708296,2.46573736,3.04435406,9.85918582,3.14370972,-0.49505319,12.0,0.0
0.00592425716,-0.50467657,2.41713413,3.04357355,9.8641249,3.1455042,-0.548632654,12.0,0.0
0.00602425716,-0.553789258,2.37253213,3.04279323,9.86173369,3.13997025,-0.600046916,12.0,0.0
0.00612425716,-0.602368019,2.32860251,3.04201312,9.86666655,3.14176224,-0.649093066,12.0,0.0
0.00622425716,-0.646710942,2.28903917,3.04123321,9.86427861,3.1362353,-0.695577543,12.0,0.0
0.00632425716,-0.690149237,2.25050258,3.0404535,9.86920527,3.13802483,-0.739316893,12.0,0.0
0.00642425716,-0.72901048,2.21665612,3.03967399,9.86682057,3.13250487,-0.780138497,12.0,0.0
0.00652425716,-0.766638374,2.18414678,3.03889469,9.87174105,3.13429195,-0.817881251,12.0,0.0
0.00662425716,-0.799392508,2.15660497,3.03811558,9.86935957,3.12877894,-0.852396201,12.0,0.0
0.00672425716,-0.830631651,2.13066179,3.03733667,9.87427388,3.13056357,-0.883547133,12.0,0.0
0.00682425716,-0.856749592,2.10991269,3.03655796,9.87189559,3.12505748,-0.911211108,12.0,0.0
0.00692425716,-0.881122341,2.09097085,3.03577945,9.87680375,3.12683969,-0.935278948,12.0,0.0
0.00702425716,-0.900179693,2.07739513,3.03500115,9.87442864,3.12134049,-0.955655671,12.0,0.0
0.00712425716,-0.917316645,2.06577919,3.03422304,9.87933065,3.12312027,-0.972260856,12.0,0.0
0.00722425716,-0.929000397,2.05964407,3.03344513,9.8769587,3.11762794,-0.985028973,12.0,0.0
0.00732425716,-0.938646214,2.05556286,3.03266742,9.88185457,3.1194053,-0.99390963,12.0,0.0
0.00742425716,-0.94275967,2.05701798,3.03188992,9.87948576,3.11391983,-0.99886778,12.0,0.0
0.00752425716,-0.944777109,2.06056128,3.03111261,9.8843755,3.11569475,-0.999883855,12.0,0.0
0.00762425716,-0.941242994,2.06963628,3.0303355,9.88200982,3.11021612,-0.996953845,12.0,0.0
0.00772425716,-0.935615069,2.08077346,3.0295586,9.88689342,3.11198862,-0.990089314,12.0,0.0
0.00782425716,-0.924476746,2.09737752,3.02878189,9.88453086,3.10651681,-0.979317353,12.0,0.0
0.00792425716,-0.911306996,2.11595798,3.02800538,9.88940832,3.10828687,-0.964680473,12.0,0.0
0.00802425716,-0.892727783,2.13988129,3.02722907,9.88704888,3.10282187,-0.946236441,12.0,0.0
0.00812425716,-0.872238641,2.16563684,3.02645296,9.8919202,3.10458949,-0.924058045,12.0,0.0
0.00822425716,-0.846499236,2.19655389,3.02567705,9.88956387,3.09913129,-0.898232815,12.0,0.0
0.00832425716,-0.819028518,2.229103,3.02490134,9.89442904,3.10089645,-0.86886267,12.0,0.0
0.00842425716,-0.786522569,2.2665777,3.02412583,9.89207582,3.09544506,-0.836063521,12.0,0.0
0.00852425716,-0.752518149,2.3054315,3.02335052,9.89693483,3.09720775,-0.799964811,12.0,0.0
0.00862425716,-0.713746054,2.34892408,3.02257541,9.89458472,3.09176315,-0.760709006,12.0,0.0
0.00872425716,-0.673758797,2.3934941,3.0218005,9.89943757,3.09352335,-0.718451029,12.0,0.0
0.00882425716,-0.629319805,2.44236959,3.02102579,9.89709057,3.08808555,-0.673357655,12.0,0.0
0.00892425716,-0.583994882,2.49197701,3.02025127,9.90193723,3.08984325,-0.625606846,12.0,0.0
0.00902425716,-0.534577649,2.54551531,3.01947696,9.89959336,3.08441224,-0.575387052,12.0,0.0
0.00912425716,-0.48464436,2.59940167,3.01870284,9.90443382,3.08616742,-0.522896468,12.0,0.0
0.00922425716,-0.431016088,2.65680886,3.01792893,9.90209308,3.08074322,-0.468342251,12.0,0.0
0.00932425716,-0.377276357,2.71414806,3.01715521,9.90692733,3.08249585,-0.411939701,12.0,0.0
0.00942425716,-0.320270701,2.77456892,3.01638169,9.90458973,3.07707847,-0.353911414,12.0,0.0
0.00952425716,-0.26358643,2.83448023,3.01560837,9.90941775,3.07882853,-0.294486399,12.0,0.0
0.00962425716,-0.204090347,2.89701175,3.01483525,9.90708331,3.07341797,-0.233899182,12.0,0.0
0.00972425716,-0.145369822,2.95857367,3.01406233,9.91190508,3.07516544,-0.172388871,12.0,0.0
0.00982425716,-0.0843095944,3.02227928,3.0132896,9.90957381,3.06976171,-0.11019822,12.0,0.0
0.00992425716,-0.024493156,3.08454413,3.01251708,9.91438931,3.07150658,-0.0475726666,12.0,0.0
0.0100242572,0.0371802105,3.14846845,3.01174475,9.91206123,3.06610969,0.0152406341,12.0,0.0
0.0101242572,0.0971349959,3.21047727,3.01097262,9.91687041,3.06785189,0.0779937869,12.0,0.0
0.0102242572,0.158460745,3.27366116,3.01020069,9.9145451,3.06246143,0.140439134,12.0,0.0
0.0103242572,0.217594111,3.3344588,3.00942896,9.91934294,3.06419594,0.202330232,12.0,0.0
0.0104242572,0.277616361,3.39595392,3.00865744,9.91696675,3.05875827,0.263422825,12.0,0.0
0.0105242572,0.334978238,3.4546006,3.00788619,9.92118105,3.05991323,0.323475808,12.0,0.0
0.0106242572,0.392703808,3.51342387,3.00711754,9.90028423,3.03596847,0.38225218,12.0,0.0
0.0107242572,0.44705516,3.56867456,3.00636974,9.75808322,2.89080408,0.439519977,12.0,0.0
0.0108242572,0.499685446,3.62191322,3.00578175,8.61982102,1.75022137,0.49505319,12.0,0.0
0.0109242572,0.542628895,3.6647881,3.0059485,3.69211258,-3.1767738,0.548632654,12.0,0.0
0.0110242572,0.553063901,3.67257376,3.00682652,3.06157808,-3.80381801,0.600046916,12.0,0.0
0.0111242572,0.564053835,3.67696258,3.00782276,3.04852617,-3.81306148,0.649093066,12.0,0.0
0.0112242572,0.578090388,3.68087282,3.00885592,3.04188425,-3.81588892,0.695577543,12.0,0.0
0.0113242572,0.594266759,3.68392233,3.00991933,3.04042602,-3.81353244,0.739316893,12.0,0.0
0.0114242572,0.612654642,3.68668351,3.01100736,3.03889498,-3.81125109,0.780138497,12.0,0.0
0.0115242572,0.632568935,3.68895799,3.012115,3.0386094,-3.80772717,0.817881251,12.0,0.0
0.0116242572,0.653824503,3.69101936,3.01323749,3.03856383,-3.8039669,0.852396201,12.0,0.0
0.0117242572,0.675817179,3.69269695,3.01437039,3.03912814,-3.79960081,0.883547133,12.0,0.0
0.0118242572,0.698360417,3.69421116,3.01550956,3.03981762,-3.79511397,0.911211108,12.0,0.0
0.0119242572,0.720906227,3.6953958,3.01665112,3.04093587,-3.79020306,0.935278948,12.0,0.0
0.0120242572,0.74329118,3.69644389,3.01779144,3.04213378,-3.78521744,0.955655671,12.0,0.0
0.0121242572,0.765018349,3.69719071,3.01892715,3.04370522,-3.77986346,0.972260856,12.0,0.0
0.0122242572,0.785957538,3.6978142,3.02005513,3.04536029,-3.77443124,0.985028973,12.0,0.0
0.0123242572,0.805657357,3.69814784,3.02117247,3.04741133,-3.76860868,0.99390963,12.0,0.0
0.0124242572,0.82402615,3.69836193,3.02227651,3.04960065,-3.76265373,0.99886778,12.0,0.0
0.0125242572,0.840652184,3.6982843,3.02336477,3.05229898,-3.75619598,0.999883855,12.0,0.0
0.0126242572,0.855485588,3.69808271,3.024435,3.05528363,-3.7494585,0.996953845,12.0,0.0
0.0127242572,0.868147725,3.69757435,3.02548511,3.05907089,-3.74192555,0.990089314,12.0,0.0
0.0128242572,0.878632658,3.69692797,3.02651318,3.06354869,-3.73370993,0.979317353,12.0,0.0
0.0129242572,0.886586345,3.69594272,3.02751741,3.0696693,-3.72386054,0.964680473,12.0,0.0
0.0130242572,0.891977828,3.69471657,3.02849582,3.07988593,-3.70992701,0.946236441,12.0,0.0
0.0131242572,0.894559196,3.69311006,3.02944586,3.09796195,-3.68815195,0.924058045,12.0,0.0
0.0132242572,0.89274683,3.68954845,3.03031093,3.56628914,-3.2163725,0.898232815,12.0,0.0
0.0133242572,0.86934424,3.66589564,3.03065083,7.22812145,0.446844573,0.86886267,12.0,0.0
0.0134242572,0.840858165,3.63767338,3.03032087,8.95392641,2.17134045,0.836063521,12.0,0.0
0.0135181475,0.808570709,3.60590715,3.02973355,9.60732497,2.82239469,0.802262385,12.0,0.0
0.0136181475,0.771677227,3.56975319,3.02900111,9.81654304,3.02868721,0.763195148,12.0,0.0
0.0137181475,0.730383102,3.52934653,3.02823554,9.8771337,3.08622042,0.721115929,12.0,0.0
0.0138181475,0.687424516,3.48741299,3.02746153,9.88828989,3.09428636,0.676190794,12.0,0.0
0.0139181475,0.640653504,3.44180648,3.02668582,9.89478568,3.09768616,0.628597043,12.0,0.0
0.0140181475,0.592658563,3.39512117,3.02590985,9.89445194,3.09425645,0.578522507,12.0,0.0
0.0141181475,0.541249416,3.34517305,3.02513399,9.89794683,3.09465688,0.526164806,12.0,0.0
0.0142181475,0.489009553,3.29455137,3.02435839,9.89653133,3.09014898,0.471730574,12.0,0.0
0.0143181475,0.433774796,3.24109757,3.023583,9.9003624,3.09088953,0.415434636,12.0,0.0
0.0144181475,0.378128103,3.18739933,3.02280781,9.89902066,3.08645911,0.357499168,12.0,0.0
0.0145181475,0.319927122,3.13131851,3.02203281,9.90285785,3.08720947,0.298152814,12.0,0.0
0.0146181475,0.26175887,3.07544543,3.02125802,9.90151998,3.08278661,0.237629787,12.0,0.0
0.0147181475,0.20149865,3.01765815,3.02048342,9.90535258,3.08353604,0.176168944,12.0,0.0
0.0148181475,0.141734111,2.96054616,3.01970903,9.90401674,3.07911887,0.114012842,12.0,0.0
0.0149181475,0.0803542258,2.90199971,3.01893483,9.90784452,3.07986716,0.051406784,12.0,0.0
0.0150181475,0.0199438315,2.84460399,3.01816083,9.90651064,3.07545562,-0.0114021532,12.0,0.0
0.0151181475,-0.0415984368,2.7862574,3.01738703,9.91033363,3.07620278,-0.0741660914,12.0,0.0
0.0152181475,-0.101694099,2.72953728,3.01661343,9.9090017,3.07179685,-0.13663733,12.0,0.0
0.0153181475,-0.162438863,2.6723462,3.01584003,9.91281992,3.0725429,-0.198569323,12.0,0.0
0.0154181475,-0.221264196,2.61725007,3.01506682,9.91148991,3.06814255,-0.259717654,12.0,0.0
0.0155181475,-0.280264102,2.56215168,3.01429382,9.91530337,3.0688875,-0.319840998,12.0,0.0
0.0156181475,-0.336883567,2.50960198,3.01352101,9.91397526,3.06449269,-0.378702076,12.0,0.0
0.0157181475,-0.393218742,2.45750023,3.0127484,9.91778399,3.06523656,-0.43606859,12.0,0.0
0.0158181475,-0.446731611,2.40837898,3.011976,9.91645776,3.06084728,-0.49171414,12.0,0.0
0.0159181475,-0.499524164,2.3601303,3.01120378,9.92026178,3.06159009,-0.545419119,12.0,0.0
0.0160181475,-0.549078726,2.31526513,3.01043177,9.91893739,3.0572063,-0.596971578,12.0,0.0
0.0161181475,-0.597506599,2.27166497,3.00965996,9.92273672,3.05794805,-0.646168063,12.0,0.0
0.0162181475,-0.642313588,2.2318161,3.00888834,9.92141416,3.05356974,-0.692814418,12.0,0.0
0.0163181475,-0.68562352,2.19358636,3.00811693,9.9252088,3.05431043,-0.736726551,12.0,0.0
0.0164181475,-0.724968561,2.1594346,3.00734571,9.92388806,3.04993757,-0.77773116,12.0,0.0
0.0165181475,-0.76248797,2.12721224,3.00657469,9.92767802,3.05067723,-0.81566642,12.0,0.0
0.0166181475,-0.795742847,2.09934827,3.00580386,9.92635908,3.04630978,-0.850382618,12.0,0.0
0.0167181475,-0.826890433,2.07367529,3.00503324,9.93014437,3.0470484,-0.881742743,12.0,0.0
0.0168181475,-0.853522996,2.05259035,3.00426281,9.9288272,3.04268637,-0.909623033,12.0,0.0
0.0169181475,-0.877817913,2.03390521,3.00349259,9.93260784,3.04342395,-0.933913457,12.0,0.0
0.0170181475,-0.897400466,2.01998332,3.00272256,9.93129243,3.03906729,-0.95451815,12.0,0.0
0.0171181475,-0.914469904,2.00861406,3.00195272,9.93506842,3.03980385,-0.971355797,12.0,0.0
0.0172181475,-0.926685956,2.002126,3.00118309,9.93375476,3.03545256,-0.984359946,12.0,0.0
0.0173181475,-0.93627102,1.99828505,3.00041365,9.93752609,3.03618807,-0.993479276,12.0,0.0
0.0174181475,-0.940920269,1.99938409,2.99964442,9.93621417,3.03184213,-0.998677797,12.0,0.0
0.0175181475,-0.942880065,2.00316492,2.99887538,9.93998085,3.03257661,-0.999934993,12.0,0.0
0.0176181475,-0.939881561,2.01188438,2.99810653,9.93867065,3.028236,-0.997245903,12.0,0.0
0.0177181475,-0.934195415,2.02326003,2.99733789,9.94243269,3.02896943,-0.990621139,12.0,0.0
0.0178181475,-0.923588838,2.0395128,2.99656944,9.9411242,3.02463415,-0.980086845,12.0,0.0
0.0179181475,-0.910356623,2.05833631,2.99580119,9.94488158,3.02536653,-0.965684597,12.0,0.0
0.0180181475,-0.892301652,2.08191616,2.99503314,9.94357481,3.02103655,-0.947471232,12.0,0.0
0.0181181475,-0.871742214,2.1079229,2.99426529,9.94732754,3.02176787,-0.925518632,12.0,0.0
0.0182181475,-0.846516014,2.13850779,2.99349763,9.94602247,3.0174432,-0.899913432,12.0,0.0
0.0183181475,-0.818963718,2.1713196,2.99273017,9.94977053,3.01817345,-0.870756685,12.0,0.0
0.0184181475,-0.786956567,2.20847675,2.99196291,9.94846716,3.01385408,-0.838163459,12.0,0.0
0.0185181475,-0.752856027,2.24760795,2.99119584,9.95221055,3.01458324,-0.802262385,12.0,0.0
0.0186181475,-0.714565161,2.29080063,2.99042898,9.95090889,3.01026916,-0.763195148,12.0,0.0
0.0187181475,-0.674464226,2.33566565,2.98966231,9.9546476,3.01099723,-0.721115929,12.0,0.0
0.0188181475,-0.630485999,2.3842617,2.98889583,9.95334765,3.00668844,-0.676190794,12.0,0.0
0.0189181475,-0.585027111,2.43418433,2.98812956,9.95708166,3.0074154,-0.628597043,12.0,0.0
0.0190181475,-0.536047591,2.48746609,2.98736348,9.95578342,3.00311189,-0.578522507,12.0,0.0
0.0191181475,-0.485957655,2.54169013,2.98659759,9.95951272,3.00383772,-0.526164806,12.0,0.0
0.0192181475,-0.432741806,2.59886578,2.98583191,9.9582162,2.99953951,-0.471730574,12.0,0.0
0.0193181475,-0.378820726,2.65656699,2.98506642,9.96194079,3.0002642,-0.415434636,12.0,0.0
0.0194181475,-0.322200343,2.71678301,2.98430113,9.96064599,2.99597128,-0.357499168,12.0,0.0
0.0195181475,-0.265308403,2.77708211,2.98353603,9.96436585,2.99669481,-0.298152814,12.0,0.0
0.0196181475,-0.206168999,2.83943678,2.98277113,9.96307278,2.99240719,-0.237629787,12.0,0.0
0.0197181475,-0.1472133,2.9014133,2.98200643,9.9667879,2.99312954,-0.176168944,12.0,0.0
0.0198181475,-0.0864801426,2.96497087,2.98124193,9.96549657,2.98884722,-0.114012842,12.0,0.0
0.0199181475,-0.0264002912,3.02767768,2.98047762,9.96920694,2.98956838,-0.051406784,12.0,0.0
0.0200181475,0.0349761823,3.09148318,2.9797135,9.96791736,2.98529138,0.0114021532,12.0,0.0
0.0201181475,0.0952228903,3.15396143,2.97894959,9.97162295,2.98601131,0.0741660914,12.0,0.0
0.0202181475,0.156282047,3.21705566,2.97818587,9.97033497,2.98173946,0.13663733,12.0,0.0
0.0203181475,0.215735686,3.27834986,2.97742234,9.97403382,2.9824562,0.198569323,12.0,0.0
0.0204181475,0.27552159,3.33978428,2.97665902,9.97272622,2.9781683,0.259717654,12.0,0.0
0.0205181475,0.333233186,3.39895568,2.97589592,9.97619129,2.97865496,0.319840998,12.0,0.0
0.0206181475,0.390782396,3.45777851,2.97513399,9.96743547,2.96692634,0.378702076,12.0,0.0
0.0207181475,0.445682003,3.51376281,2.97438082,9.91000469,2.90655882,0.43606859,12.0,0.0
0.0208181475,0.499185439,3.56812048,2.97369791,9.40702497,2.40092536,0.49171414,12.0,0.0
0.0209181475,0.545998051,3.6153356,2.9734301,6.57593711,-0.431147391,0.545419119,12.0,0.0
0.0210181475,0.570031988,3.63805151,2.97396433,3.04393254,-3.96095591,0.596971578,12.0,0.0
0.0210786023,0.575460323,3.64110739,2.97456766,3.02637938,-3.9761099,0.62700747,12.0,0.0
0.021141474,0.582266197,3.64393458,2.97521199,3.01726475,-3.9827226,0.657284033,12.0,0.0
0.0212343585,0.594260672,3.64752856,2.97619021,3.01187161,-3.98441563,0.700123419,12.0,0.0
0.0213343585,0.609512744,3.65078435,2.97727315,3.00901158,-3.9832918,0.743575688,12.0,0.0
0.0214343585,0.626862962,3.65356989,2.97838154,3.00755504,-3.98076631,0.784093404,12.0,0.0
0.0215343585,0.645913396,3.65597864,2.97951019,3.00693362,-3.97740865,0.821516661,12.0,0.0
0.0216343585,0.666241174,3.65805343,2.98065427,3.00691665,-3.97345018,0.855697767,12.0,0.0
0.0217343585,0.687453386,3.65984039,2.98180927,3.00731832,-3.96907725,0.886501825,12.0,0.0
0.0218343585,0.709157676,3.66135978,2.98297099,3.00806921,-3.96435964,0.913807265,12.0,0.0
0.0219343585,0.730995214,3.66263928,2.98413547,3.0090923,-3.95937468,0.937506326,12.0,0.0
0.0220343585,0.752612965,3.66368685,2.98529906,3.01037592,-3.95413431,0.957505477,12.0,0.0
0.0221343585,0.773692133,3.66451971,2.98645835,3.01188961,-3.94866922,0.973725792,12.0,0.0
0.0222343585,0.793921395,3.6651382,2.98761016,3.01365507,-3.94295795,0.986103256,12.0,0.0
0.0223343585,0.813023236,3.66555265,2.98875156,3.01567557,-3.93699747,0.994589021,12.0,0.0
0.0224343585,0.830727684,3.66575772,2.98987986,3.01800961,-3.93072956,0.999149597,12.0,0.0
0.0225343585,0.846797797,3.66575828,2.99099255,3.02070711,-3.92410465,0.999766986,12.0,0.0
0.0226343585,0.861003277,3.66554352,2.99208734,3.02389706,-3.91699415,0.996438752,12.0,0.0
0.0227343585,0.873145907,3.66511277,2.99316214,3.02773771,-3.90924038,0.989178029,12.0,0.0
0.0228343585,0.883032208,3.6644484,2.994215,3.03255773,-3.90051548,0.978013473,12.0,0.0
0.0229343585,0.890499188,3.66354182,2.99524407,3.03889669,-3.89028112,0.962989144,12.0,0.0
0.0230343585,0.895310093,3.66228552,2.99624727,3.05035259,-3.87494261,0.944164337,12.0,0.0
0.0231343585,0.89743848,3.66076245,2.9972218,3.07053336,-3.85089892,0.921613344,12.0,0.0
0.0232343585,0.891883356,3.65382149,2.99801479,4.33300192,-2.58521231,0.895425165,12.0,0.0
0.0233343585,0.868132521,3.63001504,2.99823513,7.59967733,0.682414507,0.865703152,12.0,0.0
0.0234343585,0.838449091,3.6007473,2.99785594,9.15529504,2.23657272,0.832564604,12.0,0.0
0.0235343585,0.804088938,3.5670788,2.99721317,9.72174082,2.80049997,0.796140303,12.0,0.0
0.0236343585,0.766035394,3.52989576,2.99647929,9.89088973,2.96676524,0.756574001,12.0,0.0
0.0237343585,0.724847186,3.48972189,2.99571938,9.93460939,3.00749777,0.714021847,12.0,0.0
0.0238343585,0.680849167,3.446875,2.99495313,9.94564533,3.0155222,0.668651775,12.0,0.0
0.0239343585,0.634272735,3.40158994,2.99418536,9.95070745,3.01756778,0.620642839,12.0,0.0
0.0240343585,0.585298238,3.35405262,2.99341745,9.9507898,3.01463402,0.57018451,12.0,0.0
0.0241343585,0.534139001,3.30448222,2.99264994,9.95151621,3.01234694,0.517475924,12.0,0.0
0.0242343585,0.480995492,3.25308539,2.99188267,9.95289707,3.01071627,0.462725096,12.0,0.0
0.0243343585,0.426076099,3.20007592,2.99111561,9.953893,3.00870249,0.406148103,12.0,0.0
0.0244343585,0.369597713,3.1456754,2.99034874,9.95532241,3.00712399,0.34796823,12.0,0.0
0.0245343585,0.311782059,3.09010957,2.98958207,9.95632559,3.00512105,0.288415085,12.0,0.0
0.0246343585,0.252857804,3.03361037,2.98881559,9.95775467,3.0035458,0.227723697,12.0,0.0
0.0247343585,0.193056145,2.97641155,2.98804931,9.95875688,3.00154546,0.166133588,12.0,0.0
0.0248343585,0.132613813,2.91875164,2.98728323,9.96018438,2.9999722,0.103887826,12.0,0.0
0.0249343585,0.0717677832,2.8608687,2.98651735,9.96118544,2.99797429,0.0412320654,12.0,0.0
0.0250343585,0.0107591266,2.8030041,2.98575166,9.96261133,2.99640299,-0.021586419,12.0,0.0
0.0251343585,-0.0501731576,2.74539642,2.98498617,9.96361123,2.99440749,-0.0843197116,12.0,0.0
0.0252343585,-0.110787444,2.6882861,2.98422088,9.96503552,2.99283815,-0.146720233,12.0,0.0
0.0253343585,-0.170846499,2.63190845,2.98345578,9.96603427,2.99084505,-0.208541716,12.0,0.0
0.0254343585,-0.230111931,2.57649919,2.98269088,9.96745695,2.98927767,-0.269540181,12.0,0.0
0.0255343585,-0.288352038,2.52228664,2.98192617,9.96845453,2.98728698,-0.329474894,12.0,0.0
0.0256343585,-0.345335394,2.46949812,2.98116166,9.96987561,2.98572155,-0.388109319,12.0,0.0
0.0257343585,-0.400839511,2.41835133,2.98039735,9.97087203,2.98373324,-0.445212055,12.0,0.0
0.0258343585,-0.454643551,2.36906163,2.97963324,9.9722915,2.98216976,-0.500557742,12.0,0.0
0.0259343585,-0.506537778,2.32183262,2.97886932,9.97328675,2.98018384,-0.553927956,12.0,0.0
0.0260343585,-0.556315391,2.27686435,2.9781056,9.97470462,2.9786223,-0.60511207,12.0,0.0
0.0261343585,-0.603782751,2.23434309,2.97734207,9.9756987,2.97663875,-0.653908083,12.0,0.0
0.0262343585,-0.648750318,2.19445044,2.97657874,9.97711495,2.97507915,-0.700123419,12.0,0.0
0.0263343585,-0.691043639,2.15735238,2.97581561,9.97810786,2.97309796,-0.743575688,12.0,0.0
0.0264343585,-0.730493388,2.12320923,2.97505267,9.9795225,2.97154029,-0.784093404,12.0,0.0
0.0265343585,-0.76694709,2.09216401,2.97428993,9.98051423,2.96956146,-0.821516661,12.0,0.0
0.0266343585,-0.80025826,2.06435329,2.97352738,9.98192725,2.9680057,-0.855697767,12.0,0.0
0.0267343585,-0.83029885,2.03989483,2.97276503,9.98291779,2.96602922,-0.886501825,12.0,0.0
0.0268343585,-0.85694748,2.01889934,2.97200288,9.9843292,2.96447537,-0.913807265,12.0,0.0
0.0269343585,-0.880102595,2.0014574,2.97124092,9.98531854,2.96250123,-0.937506326,12.0,0.0
0.0270343585,-0.899669787,1.98765218,2.97047916,9.98672832,2.96094929,-0.957505477,12.0,0.0
0.0271343585,-0.915575646,1.97754561,2.9697176,9.98771647,2.95897747,-0.973725792,12.0,0.0
0.0272343585,-0.92775417,1.97119205,2.96895623,9.98912462,2.95742742,-0.986103256,12.0,0.0
0.0273343585,-0.93616131,1.96862375,2.96819505,9.99011157,2.95545793,-0.994589021,12.0,0.0
0.0274343585,-0.940760454,1.96986545,2.96743408,9.99151809,2.95390976,-0.999149597,12.0,0.0
0.0275343585,-0.941537662,1.97491916,2.9666733,9.99250382,2.95194257,-0.999766986,12.0,0.0
0.0276343585,-0.938486233,1.98377968,2.96591271,9.99390871,2.95039628,-0.996438752,12.0,0.0
0.0277343585,-0.93162262,1.99641869,2.96515232,9.99489323,2.94843139,-0.989178029,12.0,0.0
0.0278343585,-0.920970073,2.01280118,2.96439212,9.99629647,2.94688697,-0.978013473,12.0,0.0
0.0279343585,-0.90657524,2.03286888,2.96363212,9.99727977,2.94492437,-0.962989144,12.0,0.0
0.0280343585,-0.888490894,2.05655759,2.96287232,9.99868136,2.94338181,-0.944164337,12.0,0.0
0.0281343585,-0.866793208,2.08377995,2.96211271,9.99966344,2.94142149,-0.921613344,12.0,0.0
0.0282343585,-0.841563577,2.11444367,2.9613533,10.0010634,2.93988077,-0.895425165,12.0,0.0
0.0283343585,-0.812906569,2.14843359,2.96059408,10.0020442,2.93792272,-0.865703152,12.0,0.0
0.0284343585,-0.780930844,2.18563083,2.95983505,10.0034425,2.93638385,-0.832564604,12.0,0.0
0.0285343585,-0.74576779,2.2258942,2.95907623,10.0044221,2.93442806,-0.796140303,12.0,0.0
0.0286343585,-0.707551542,2.26908019,2.95831759,10.0058187,2.93289102,-0.756574001,12.0,0.0
0.0287343585,-0.666438315,2.31502372,2.95755916,10.0067971,2.93093748,-0.714021847,12.0,0.0
0.0288343585,-0.622585525,2.363559,2.95680091,10.0081921,2.92940226,-0.668651775,12.0,0.0
0.0289343585,-0.576171828,2.41449956,2.95604287,10.0091692,2.92745098,-0.620642839,12.0,0.0
0.0290343585,-0.527375359,2.46766004,2.95528501,10.0105625,2.92591757,-0.57018451,12.0,0.0
0.0291343585,-0.47639448,2.52283545,2.95452735,10.0115384,2.92396853,-0.517475924,12.0,0.0
0.0292343585,-0.423425152,2.57982384,2.95376989,10.01293,2.92243693,-0.462725096,12.0,0.0
0.0293343585,-0.368682402,2.63840488,2.95301262,10.0139046,2.92049012,-0.406148103,12.0,0.0
0.0294343585,-0.312376836,2.6983633,2.95225555,10.0152946,2.91896032,-0.34796823,12.0,0.0
0.0295343585,-0.254736844,2.75946677,2.95149867,10.016268,2.91701574,-0.288415085,12.0,0.0
0.0296343585,-0.195984268,2.82149023,2.95074198,10.0176562,2.91548773,-0.227723697,12.0,0.0
0.0297343585,-0.136357351,2.88419293,2.94998549,10.0186284,2.91354537,-0.166133588,12.0,0.0
0.0298343585,-0.0760855781,2.94734363,2.9492292,10.0200149,2.91201915,-0.103887826,12.0,0.0
0.0299343585,-0.0154133858,3.01069687,2.9484731,10.0209859,2.91007901,-0.0412320654,12.0,0.0
0.0300343585,0.0454258157,3.07401897,2.94771719,10.0223707,2.90855457,0.021586419,12.0,0.0
0.0301343585,0.106185149,3.13706355,2.94696147,10.0233404,2.90661663,0.0843197116,12.0,0.0
0.0302343585,0.16663105,3.19959826,2.94620596,10.0247233,2.90509366,0.146720233,12.0,0.0
0.0303343585,0.226517948,3.26137951,2.94545063,10.0256882,2.90315448,0.208541716,12.0,0.0
0.0304343585,0.285615624,3.32217977,2.94469551,10.0270315,2.90159535,0.269540181,12.0,0.0
0.0305343585,0.343681762,3.38176002,2.94394063,10.027595,2.8992585,0.329474894,12.0,0.0
0.0306343585,0.400455056,3.43986095,2.94318761,10.0161355,2.88490693,0.388109319,12.0,0.0
0.0307343585,0.455541931,3.4960816,2.94244961,9.9110563,2.77699674,0.445212055,12.0,0.0
0.0308343585,0.507697777,3.54911095,2.94182614,9.09979223,1.96336249,0.500557742,12.0,0.0
0.0309343585,0.552704171,3.59441315,2.94181169,5.01675518,-2.11959644,0.553927956,12.0,0.0
0.0310343585,0.568226736,3.60803026,2.94257119,3.00319885,-4.13002796,0.60511207,12.0,0.0
0.0311230364,0.577147932,3.61215191,2.94349724,2.98846355,-4.14109593,0.648509396,12.0,0.0
0.0312069851,0.587746877,3.61555837,2.94440213,2.98072292,-4.14535838,0.687739834,12.0,0.0
0.0313069851,0.602612113,3.61895626,2.94550958,2.97802342,-4.14391325,0.731965969,12.0,0.0
0.0314069851,0.61964642,3.62184003,2.9466436,2.97630762,-4.14148634,0.773303368,12.0,0.0
0.0315069851,0.638498813,3.62435507,2.94779901,2.975567,-4.13808718,0.811588893,12.0,0.0
0.0316069851,0.658710716,3.62651443,2.94897088,2.97549554,-4.13402258,0.846671447,12.0,0.0
0.0317069851,0.679915502,3.62839633,2.95015464,2.97583203,-4.12955431,0.878412576,12.0,0.0
0.0318069851,0.701688118,3.62999415,2.95134602,2.97656069,-4.12469852,0.906687012,12.0,0.0
0.0319069851,0.723692075,3.6313636,2.95254102,2.97754244,-4.11959462,0.931383168,12.0,0.0
0.0320069851,0.745543685,3.63248766,2.95373592,2.97881149,-4.11420867,0.95240358,12.0,0.0
0.0321069851,0.766944505,3.63340945,2.95492724,2.98028657,-4.10862217,0.969665291,12.0,0.0
0.0322069851,0.787553773,3.63410536,2.95611176,2.98203044,-4.10277261,0.983100175,12.0,0.0
0.0323069851,0.807113543,3.63461072,2.95728651,2.98399755,-4.09670576,0.992655213,12.0,0.0
0.0324069851,0.825324952,3.63489666,2.95844872,2.98628461,-4.09032518,0.998292693,12.0,0.0
0.0325069851,0.84197071,3.63499305,2.95959586,2.98888682,-4.08363599,0.999990369,12.0,0.0
0.0326069851,0.856791632,3.6348655,2.96072558,2.99196647,-4.07647628,0.997741539,12.0,0.0
0.0327069851,0.869610054,3.63453917,2.96183575,2.99560517,-4.06876496,0.99155508,12.0,0.0
0.0328069851,0.880203189,3.63397244,2.96292439,3.00014009,-4.06016558,0.981455405,12.0,0.0
0.0329069851,0.88843062,3.63318468,2.96398964,3.00594432,-4.05030611,0.967482375,12.0,0.0
0.0330069851,0.894033067,3.63205163,2.9650295,3.01588254,-4.03632458,0.949691133,12.0,0.0
0.0331069851,0.897009044,3.63068756,2.96604161,3.03162294,-4.01655773,0.928151895,12.0,0.0
0.0332069851,0.896918296,3.6287381,2.9670159,3.11630921,-3.92789924,0.902949665,12.0,0.0
0.0333069851,0.876215384,3.6078352,2.96751092,6.7760747,-0.26603678,0.874183905,12.0,0.0
0.0334069851,0.847647224,3.57965257,2.9672907,8.86426943,1.82138028,0.84196814,12.0,0.0
0.0334990348,0.817847099,3.55050382,2.96676343,9.61354573,2.56863608,0.809373317,12.0,0.0
0.0335990348,0.780474059,3.51403319,2.96606204,9.90085145,2.85323087,0.770899677,12.0,0.0
0.0336990348,0.740913961,3.47552833,2.96531636,9.97296074,2.92245231,0.729383648,12.0,0.0
0.0337990348,0.697319229,3.43312662,2.96455947,9.99460822,2.94116798,0.684989074,12.0,0.0
0.0338990348,0.652183422,3.38932193,2.96380008,9.99686706,2.940486,0.637891162,12.0,0.0
0.0339990348,0.603476554,3.34208972,2.96304024,10.0021549,2.94283218,0.588275785,12.0,0.0
0.0340990348,0.553621806,3.29385916,2.96228047,10.0002216,2.93795847,0.536338752,12.0,0.0
0.0341990348,0.500596061,3.24261312,2.96152098,10.0038769,2.93867548,0.482285035,12.0,0.0
0.0342990348,0.446832939,3.1907908,2.9607617,10.0024858,2.93434781,0.42632796,12.0,0.0
0.0343990348,0.390322351,3.13638716,2.96000261,10.0062302,2.93515753,0.368688362,12.0,0.0
0.0344990348,0.333504781,3.08184684,2.95924372,10.0048591,2.93085338,0.30959372,12.0,0.0
0.0345990348,0.274389864,3.02518311,2.95848502,10.0086015,2.93166452,0.249277254,12.0,0.0
0.0346990348,0.215421091,2.96884217,2.95772652,10.0072327,2.92736625,0.187977003,12.0,0.0
0.0347990348,0.154623791,2.91085152,2.95696821,10.0109705,2.92817627,0.125934894,12.0,0.0
0.0348990348,0.0944410477,2.85365548,2.9562101,10.0096037,2.92388345,0.0633957767,12.0,0.0
0.0349990348,0.032909911,2.79529178,2.95545218,10.0133369,2.92469231,0.000606465424,12.0,0.0
0.0350990348,-0.0275304475,2.73819934,2.95469446,10.011972,2.92040492,-0.0621852393,12.0,0.0
0.0351990348,-0.0888352558,2.68042208,2.95393693,10.0157006,2.92121264,-0.124731527,12.0,0.0
0.0352990348,-0.148572838,2.62438995,2.9531796,10.0143376,2.91693063,-0.186785557,12.0,0.0
0.0353990348,-0.20869468,2.56814913,2.95242246,10.0180616,2.91773724,-0.248102429,12.0,0.0
0.0354990348,-0.266780202,2.51411699,2.95166551,10.0167005,2.91346059,-0.308440155,12.0,0.0
0.0355990348,-0.324781055,2.46033811,2.95090876,10.0204199,2.91426609,-0.367560608,12.0,0.0
0.0356990348,-0.380291308,2.4092138,2.95015221,10.0190607,2.90999479,-0.425230467,12.0,0.0
0.0357990348,-0.435266562,2.35878328,2.94939585,10.0227755,2.91079919,-0.481222136,12.0,0.0
0.0358990348,-0.487318972,2.31142843,2.94863968,10.0214182,2.9065332,-0.535314641,12.0,0.0
0.0359990348,-0.538411692,2.26517964,2.94788371,10.0251284,2.90733652,-0.587294503,12.0,0.0
0.0360990348,-0.586178238,2.22239615,2.94712793,10.0237729,2.90307582,-0.636956583,12.0,0.0
0.0361990348,-0.632592686,2.18109623,2.94637235,10.0274787,2.90387807,-0.684104886,12.0,0.0
0.0362990348,-0.675312955,2.14361359,2.94561696,10.026125,2.89962263,-0.728553339,12.0,0.0
0.0363990348,-0.716327134,2.1079514,2.94486176,10.0298262,2.90042382,-0.770126525,12.0,0.0
0.0364990348,-0.753320315,2.07641519,2.94410676,10.0284743,2.89617362,-0.808660374,12.0,0.0
0.0365990348,-0.78829736,2.04699042,2.94335195,10.032171,2.89697374,-0.84400281,12.0,0.0
0.0366990348,-0.818972981,2.02195214,2.94259734,10.0308209,2.89272877,-0.876014352,12.0,0.0
0.0367990348,-0.847371201,1.99926586,2.94184292,10.0345131,2.89352784,-0.904568666,12.0,0.0
0.0368990348,-0.871238435,1.98117423,2.9410887,10.0331647,2.88928806,-0.92955306,12.0,0.0
0.0369990348,-0.892619858,1.96562099,2.94033466,10.0368524,2.89008607,-0.950868933,12.0,0.0
0.0370990348,-0.909295272,1.95481488,2.93958083,10.0355058,2.88585148,-0.968432161,12.0,0.0
0.0371990348,-0.92333255,1.94667649,2.93882718,10.039189,2.88664843,-0.98217343,12.0,0.0
0.0372990348,-0.932546143,1.94337956,2.93807374,10.0378441,2.882419,-0.992038509,12.0,0.0
0.0373990348,-0.939027718,1.94282064,2.93732048,10.0415228,2.8832149,-0.997988465,12.0,0.0
0.0374990348,-0.940627185,1.94713784,2.93656742,10.0401796,2.87899062,-0.999999816,12.0,0.0
0.0375990348,-0.939460622,1.95420323,2.93581455,10.0438538,2.87978546,-0.998064625,12.0,0.0
0.0376990348,-0.933413754,1.96611914,2.93506188,10.0425124,2.87556631,-0.992190529,12.0,0.0
0.0377990348,-0.924627202,1.98073321,2.93430939,10.0461821,2.87636008,-0.98240071,12.0,0.0
0.0378990348,-0.911022393,2.00011226,2.93355711,10.0448423,2.87214606,-0.968733805,12.0,0.0
0.0379990348,-0.894764137,2.02208007,2.93280501,10.0485076,2.87293875,-0.95124375,12.0,0.0
0.0380990348,-0.873808992,2.04866873,2.93205311,10.0471695,2.86872985,-0.92999957,12.0,0.0
0.0381990348,-0.85034512,2.07767913,2.93130141,10.0508302,2.86952146,-0.905085106,12.0,0.0
0.0382990348,-0.822363178,2.11110984,2.93054989,10.0494939,2.86531766,-0.876598686,12.0,0.0
0.0383990348,-0.792073379,2.14674038,2.92979857,10.0531501,2.86610817,-0.844652731,12.0,0.0
0.0384990348,-0.757499015,2.18653743,2.92904744,10.0518154,2.86190947,-0.809373317,12.0,0.0
0.0385990348,-0.720870596,2.22826102,2.92829651,10.0554671,2.86269887,-0.770899677,12.0,0.0
0.0386990348,-0.680242168,2.27384797,2.92754577,10.0541341,2.85850528,-0.729383648,12.0,0.0
0.0387990348,-0.637862362,2.32104119,2.92679522,10.0577813,2.85929355,-0.684989074,12.0,0.0
0.0388990348,-0.591813724,2.37175004,2.92604486,10.05645,2.85510506,-0.637891162,12.0,0.0
0.0389990348,-0.544360434,2.42370297,2.9252947,10.0600926,2.8558922,-0.588275785,12.0,0.0
0.0390990348,-0.493610938,2.47878462,2.92454473,10.058763,2.85170879,-0.536338752,12.0,0.0
0.0391990348,-0.441842045,2.53471205,2.92379496,10.0624011,2.85249478,-0.482285035,12.0,0.0
0.0392990348,-0.387185198,2.59334819,2.92304537,10.0610732,2.84831648,-0.42632796,12.0,0.0
0.0393990348,-0.331926606,2.65240201,2.92229598,10.0647067,2.8491013,-0.368688362,12.0,0.0
0.0394990348,-0.27421756,2.71371795,2.92154678,10.0633806,2.84492809,-0.30959372,12.0,0.0
0.0395990348,-0.21635017,2.7750005,2.92079778,10.0670095,2.84571173,-0.249277254,12.0,0.0
0.0396990348,-0.156492238,2.83807902,2.92004896,10.065685,2.84154364,-0.187977003,12.0,0.0
0.0397990348,-0.096938056,2.90065729,2.91930034,10.0693094,2.84232607,-0.125934894,12.0,0.0
0.0398990348,-0.0358684674,2.96455308,2.91855191,10.0679867,2.83816309,-0.0633957767,12.0,0.0
0.0399990348,0.0244239357,3.02747337,2.91780368,10.0716064,2.8389443,-0.000606465424,12.0,0.0
0.0400990348,0.0857488046,3.09122794,2.91705563,10.0702854,2.83478643,0.0621852393,12.0,0.0
0.0401990348,0.145819249,3.15353095,2.91630778,10.0739004,2.83556625,0.124731527,12.0,0.0
0.0402990348,0.20643891,3.21618766,2.91556012,10.0725793,2.83141164,0.186785557,12.0,0.0
0.0403990348,0.265330509,3.27692333,2.91481266,10.0761686,2.83216913,0.248102429,12.0,0.0
0.0404990348,0.324293953,3.33754087,2.91406542,10.0746249,2.8277955,0.308440155,12.0,0.0
0.0405990348,0.381041132,3.39575476,2.91331933,10.0708014,2.82114746,0.367560608,12.0,0.0
0.0406990348,0.437266533,3.453256,2.91258246,10.0046391,2.75219856,0.425230467,12.0,0.0
0.0407990348,0.490036235,3.50706821,2.911918,9.49299709,2.23806137,0.481222136,12.0,0.0
0.0408990348,0.537888161,3.55548951,2.91169931,6.4235226,-0.832116083,0.535314641,12.0,0.0
0.0409990348,0.560653785,3.57705178,2.91230144,2.98186077,-4.27122624,0.587294503,12.0,0.0
0.0410990348,0.570218468,3.58194752,2.91336519,2.95929354,-4.2895131,0.636956583,12.0,0.0
0.0411990348,0.582594748,3.58591139,2.91446919,2.95222515,-4.29229059,0.684104886,12.0,0.0
0.0412990348,0.597749186,3.58945011,2.91560584,2.94753275,-4.2926905,0.728553339,12.0,0.0
0.0413990348,0.614905506,3.59230517,2.91676923,2.94650126,-4.28943093,0.770126525,12.0,0.0
0.0414990348,0.633967415,3.59487138,2.91795398,2.94564482,-4.28599966,0.808660374,12.0,0.0
0.0415990348,0.65434035,3.59702654,2.91915524,2.94569467,-4.28166597,0.84400281,12.0,0.0
0.0416990348,0.675770762,3.59896165,2.92036843,2.94600728,-4.277074,0.876014352,12.0,0.0
0.0417990348,0.697727584,3.60056424,2.92158928,2.94681725,-4.2719895,0.904568666,12.0,0.0
0.0418990348,0.719974167,3.60198983,2.92281379,2.9477802,-4.26675717,0.92955306,12.0,0.0
0.0419990348,0.742030065,3.60312484,2.92403823,2.94911589,-4.26115753,0.950868933,12.0,0.0
0.0420990348,0.763690165,3.60410589,2.92525914,2.95056998,-4.25544513,0.968432161,12.0,0.0
0.0421990348,0.784521567,3.6048176,2.92647329,2.95237067,-4.24939203,0.98217343,12.0,0.0
0.0422990348,0.804356631,3.60538598,2.92767769,2.95430801,-4.24320839,0.992038509,12.0,0.0
0.0423990348,0.822805912,3.60569204,2.92886958,2.95664129,-4.23663518,0.997988465,12.0,0.0
0.0424990348,0.839742095,3.60585621,2.93004643,2.95919394,-4.22984929,0.999999816,12.0,0.0
0.0425990348,0.854814492,3.60575321,2.93120588,2.96230077,-4.22251628,0.998064625,12.0,0.0
0.0426990348,0.86793755,3.60550112,2.9323458,2.96584458,-4.21475383,0.992190529,12.0,0.0
0.0427990348,0.878793719,3.60496429,2.9334642,2.97035603,-4.20603199,0.98240071,12.0,0.0
0.0428990348,0.887339541,3.60426005,2.93455924,2.97593802,-4.19624886,0.968733805,12.0,0.0
0.0429990348,0.893216162,3.60316557,2.93562895,2.98553039,-4.18246713,0.95124375,12.0,0.0
0.0430990348,0.896533244,3.60190796,2.9366711,2.99979564,-4.16402863,0.92999957,12.0,0.0
0.0431990348,0.896835607,3.60012453,2.93767943,3.05270613,-4.10698264,0.905085106,12.0,0.0
0.0432990348,0.878982116,3.58197774,2.93825056,6.39211851,-0.765134195,0.876598686,12.0,0.0
0.0433990348,0.850643107,3.55405742,2.93811182,8.74625383,1.58858939,0.844652731,12.0,0.0
0.0434990348,0.818874071,3.52306294,2.93757038,9.63231564,2.4726206,0.809373317,12.0,0.0
0.0435990348,0.781113934,3.48628855,2.9368805,9.94266016,2.78033864,0.770899677,12.0,0.0
0.0436990348,0.741976955,3.44829195,2.93614321,10.0166684,2.85153096,0.729383648,12.0,0.0
0.0437990348,0.697965189,3.40555866,2.93539406,10.0416166,2.87361656,0.684989074,12.0,0.0
0.0438990348,0.653244535,3.36225448,2.93464219,10.0422082,2.8713357,0.637891162,12.0,0.0
0.0439990348,0.604119299,3.31468909,2.93388983,10.0494664,2.87572035,0.588275785,12.0,0.0
0.0440990348,0.554677313,3.2669562,2.93313752,10.045587,2.86896863,0.536338752,12.0,0.0
0.0441990348,0.501234217,3.21537749,2.9323855,10.0510645,2.87157584,0.482285035,12.0,0.0
0.0442990348,0.447882589,3.16405106,2.93163368,10.047792,2.86543488,0.42632796,12.0,0.0
0.0443990348,0.390956079,3.10931566,2.93088207,10.0533593,2.86813537,0.368688362,12.0,0.0
0.0444990348,0.334548648,3.05526937,2.93013064,10.0501114,2.86202238,0.30959372,12.0,0.0
0.0445990348,0.275019177,2.99827474,2.92937941,10.0556743,2.86472194,0.249277254,12.0,0.0
0.0446990348,0.216459236,2.942426,2.92862837,10.0524313,2.85861724,0.187977003,12.0,0.0
0.0447990348,0.155248695,2.88410526,2.92787752,10.0579873,2.86131324,0.125934894,12.0,0.0
0.0448990348,0.0954735254,2.82739967,2.92712687,10.0547486,2.85521632,0.0633957767,12.0,0.0
0.0449990348,0.0335304151,2.76870665,2.92637641,10.0602976,2.85790875,0.000606465424,12.0,0.0
0.0450990348,-0.0265035868,2.71210292,2.92562614,10.0570633,2.85181957,-0.0621852393,12.0,0.0
0.0451990348,-0.0882191392,2.65399707,2.92487606,10.0626053,2.85450845,-0.124731527,12.0,0.0
0.0452990348,-0.147551547,2.59845199,2.92412618,10.0593753,2.84842696,-0.186785557,12.0,0.0
0.0453990348,-0.208082936,2.54188327,2.92337649,10.0649105,2.85111233,-0.248102429,12.0,0.0
0.0454990348,-0.265764435,2.48833653,2.92262699,10.0616847,2.8450385,-0.308440155,12.0,0.0
0.0455990348,-0.324173667,2.43423043,2.92187769,10.067213,2.84772038,-0.367560608,12.0,0.0
0.0456990348,-0.379281024,2.3835899,2.92112857,10.0639914,2.84165416,-0.425230467,12.0,0.0
0.0457990348,-0.434663512,2.33283281,2.92037965,10.0695128,2.84433259,-0.481222136,12.0,0.0
0.0458990348,-0.48631413,2.28596015,2.91963092,10.0662955,2.83827395,-0.535314641,12.0,0.0
0.0459990348,-0.53781296,2.23938542,2.91888239,10.0718101,2.84094894,-0.587294503,12.0,0.0
0.0460990348,-0.585178799,2.19708255,2.91813405,10.0685969,2.83489784,-0.636956583,12.0,0.0
0.0461990348,-0.63199825,2.15545732,2.9173859,10.0741047,2.83756942,-0.684104886,12.0,0.0
0.0462990348,-0.674318882,2.11845374,2.91663794,10.0708957,2.83152581,-0.728553339,12.0,0.0
0.0463990348,-0.715736973,2.08246685,2.91589017,10.0763967,2.834194,-0.770126525,12.0,0.0
0.0464990348,-0.752331573,2.05140817,2.9151426,10.0731918,2.82815787,-0.808660374,12.0,0.0
0.0465990348,-0.787711451,2.0216593,2.91439522,10.0786861,2.83082268,-0.84400281,12.0,0.0
0.0466990348,-0.817989534,1.99709703,2.91364803,10.0754852,2.82479398,-0.876014352,12.0,0.0
0.0467990348,-0.846789519,1.97408724,2.91290103,10.0809728,2.82745543,-0.904568666,12.0,0.0
0.0468990348,-0.870260251,1.95647011,2.91215423,10.0777759,2.82143414,-0.92955306,12.0,0.0
0.0469990348,-0.892042379,1.94059395,2.91140761,10.0832568,2.82409223,-0.950868933,12.0,0.0
0.0470990348,-0.908322319,1.93026083,2.91066119,10.080064,2.81807833,-0.968432161,12.0,0.0
0.0471990348,-0.922759247,1.9218001,2.90991496,10.0855381,2.82073306,-0.98217343,12.0,0.0
0.0472990348,-0.931578391,1.91897467,2.90916893,10.0823493,2.81472653,-0.992038509,12.0,0.0
0.0473990348,-0.938458565,1.918094,2.90842308,10.0878167,2.81737791,-0.997988465,12.0,0.0
0.0474990348,-0.939664604,1.92288121,2.90767743,10.0846319,2.81137872,-0.999999816,12.0,0.0
0.0475990348,-0.938895591,1.92962544,2.90693197,10.0900927,2.81402676,-0.998064625,12.0,0.0
0.0476990348,-0.932456316,1.94200988,2.9061867,10.0869118,2.8080349,-0.992190529,12.0,0.0
0.0477990348,-0.924066265,1.95630336,2.90544162,10.0923659,2.81067957,-0.98240071,12.0,0.0
0.0478990348,-0.91007007,1.97614947,2.90469673,10.089189,2.80469503,-0.968733805,12.0,0.0
0.0479990348,-0.894207266,1.99779728,2.90395204,10.0946363,2.80733635,-0.95124375,12.0,0.0
0.0480990348,-0.872861759,2.0248515,2.90320754,10.0914634,2.80135911,-0.92999957,12.0,0.0
0.0481990348,-0.849792284,2.05354251,2.90246322,10.0969041,2.80399705,-0.905085106,12.0,0.0
0.0482990348,-0.82142101,2.08743731,2.9017191,10.0937351,2.79802711,-0.876598686,12.0,0.0
0.0483990348,-0.791524549,2.12274906,2.90097517,10.099169,2.80066168,-0.844652731,12.0,0.0
0.0484990348,-0.75656189,2.1630087,2.90023144,10.0960041,2.79469903,-0.809373317,12.0,0.0
0.0485990348,-0.720325738,2.20441412,2.89948789,10.1014313,2.7973302,-0.770899677,12.0,0.0
0.0486990348,-0.679310063,2.25046217,2.89874454,10.0982703,2.79137485,-0.729383648,12.0,0.0
0.0487990348,-0.637321445,2.29733785,2.89800137,10.1036907,2.7940026,-0.684989074,12.0,0.0
0.0488990348,-0.590886619,2.34850629,2.8972584,10.1005337,2.78805455,-0.637891162,12.0,0.0
0.0489990348,-0.543823424,2.40014233,2.89651562,10.1059474,2.79067886,-0.588275785,12.0,0.0
0.0490990348,-0.492688815,2.45568205,2.89577302,10.1027943,2.78473812,-0.536338752,12.0,0.0
0.0491990348,-0.441308906,2.51129326,2.89503062,10.1082012,2.78735897,-0.482285035,12.0,0.0
0.0492990348,-0.386268042,2.57038593,2.89428841,10.1050522,2.78142554,-0.42632796,12.0,0.0
0.0493990348,-0.331397302,2.62912422,2.8935464,10.1104523,2.78404292,-0.368688362,12.0,0.0
0.0494990348,-0.273305357,2.69089513,2.89280457,10.1073073,2.77811681,-0.30959372,12.0,0.0
0.0495990348,-0.215824662,2.75186288,2.89206293,10.1127006,2.78073069,-0.249277254,12.0,0.0
0.0496990348,-0.155584978,2.81539479,2.89132148,10.1095596,2.77481191,-0.187977003,12.0,0.0
0.0497990348,-0.0964163024,2.877659,2.89058023,10.114946,2.77742226,-0.125934894,12.0,0.0
0.0498990348,-0.0349661457,2.94200656,2.88983916,10.1118091,2.77151084,-0.0633957767,12.0,0.0
0.0499495174,-0.0051814926,2.97317853,2.88946513,10.1166317,2.77493345,-0.0317138407,12.0,0.0
0.05,0.0264207646,3.00611739,2.88909114,10.1129477,2.76984986,-1.2246468e-15,12.0,0.0
