time,v(N001),v(N002),v(N003),v(N004),v(N005),v(N006)
0.0,5.0,0.0,1.5201957,0.876891599,3.08437585,0.0
1e-06,5.0,6.28318489e-05,1.52025807,0.876891802,3.08026409,-0.00411164003
2e-06,5.0,0.000125663673,1.52032021,0.876892208,3.07611518,-0.00826030241
4e-06,5.0,0.000251327148,1.52044406,0.876893422,3.06784092,-0.0165338057
8e-06,5.0,0.000502652708,1.52068914,0.87689825,3.05153318,-0.0328385555
1.6e-05,5.0,0.00100529272,1.52116902,0.876917262,3.01985358,-0.0645063534
3.2e-05,5.0,0.00201048383,1.52208942,0.876990844,2.96025706,-0.124057158
6.4e-05,5.0,0.00402015494,1.52378625,0.877265379,2.85599572,-0.228147738
0.000128,5.0,0.00803381001,1.5267015,0.878212636,2.70270795,-0.380844965
0.000228,5.0,0.0142767131,1.53032253,0.880350658,2.57988993,-0.502324852
0.000328,5.0,0.0204632726,1.53317824,0.882840635,2.54878104,-0.531866788
0.000428,5.0,0.0265690728,1.53554595,0.885351482,2.56088188,-0.518174973
0.000528,5.0,0.0325700171,1.53756002,0.887731508,2.59217519,-0.485361155
0.000628,5.0,0.0384424223,1.53928495,0.889917349,2.63092304,-0.445203359
0.000728,5.0,0.0441631129,1.54075293,0.891886552,2.67227673,-0.402565172
0.000828,5.0,0.0497095119,1.54198234,0.893633629,2.71418883,-0.359498432
0.000928,5.0,0.0550597301,1.54298544,0.895160253,2.75577964,-0.316882799
0.001028,5.0,0.0601926528,1.54377132,0.896471839,2.79638126,-0.2753838
0.001128,5.0,0.0650880225,1.54434852,0.897574006,2.8365541,-0.234438502
0.001228,5.0,0.0697265196,1.54472523,0.898472329,2.87573339,-0.194609148
0.001328,5.0,0.0740898379,1.54490867,0.899173698,2.91391828,-0.155893188
0.001428,5.0,0.0781607575,1.54490611,0.899684938,2.95110871,-0.118287333
0.001528,5.0,0.0819232123,1.54472486,0.900012833,2.98729164,-0.0818012362
0.001628,5.0,0.0853623536,1.54437236,0.900164165,3.02245498,-0.0464435915
0.001728,5.0,0.0884646086,1.54385616,0.900145729,3.05657484,-0.0122348246
0.001828,5.0,0.0912177343,1.54318397,0.899964366,3.08962964,0.0208069854
0.001928,5.0,0.0936108653,1.54236365,0.899626976,3.12158756,0.0526536088
0.002028,5.0,0.0956345569,1.54140322,0.899140535,3.15242049,0.0832805795
0.002128,5.0,0.0972808227,1.54031089,0.898512106,3.18209152,0.112654733
0.002228,5.0,0.0985431655,1.53909503,0.897748848,3.21056863,0.140747899
0.002328,5.0,0.0994166034,1.53776417,0.896858022,3.23781225,0.167524438
0.002428,5.0,0.0998976894,1.53632725,0.895846599,3.26395056,0.193116328
0.002528,5.0,0.0999845249,1.53479297,0.89472223,3.28854785,0.21709209
0.002628,5.0,0.0996767671,1.53317001,0.893492981,3.31183481,0.239686954
0.002728,5.0,0.0989756307,1.53146759,0.89216641,3.33375813,0.260851884
0.002828,5.0,0.0978838826,1.52969495,0.890750222,3.35427842,0.280551868
0.002928,5.0,0.0964058316,1.52786128,0.889252469,3.37325988,0.298655739
0.003028,5.0,0.0945473108,1.52597604,0.887680955,3.39090725,0.315372765
0.003128,5.0,0.092315655,1.52404889,0.886043209,3.40709621,0.330582998
0.003228,5.0,0.0897196715,1.5220891,0.884347457,3.42163297,0.344097523
0.003328,5.0,0.0867696054,1.52010586,0.882602082,3.43461228,0.356016052
0.003428,5.0,0.0834770994,1.51810854,0.880815214,3.44600886,0.366318187
0.003528,5.0,0.0798551473,1.51610638,0.878995023,3.45579653,0.374982674
0.003628,5.0,0.0759180435,1.51410855,0.877149705,3.46395799,0.381997197
0.003728,5.0,0.0716813258,1.51212405,0.87528746,3.47047408,0.387347606
0.003828,5.0,0.0671617147,1.51016173,0.873416478,3.47533433,0.391028496
0.003928,5.0,0.062377047,1.50823024,0.871544918,3.47852656,0.393032755
0.004028,5.0,0.0573462056,1.50633801,0.869680898,3.48004759,0.39336228
0.004128,5.0,0.0520890449,1.50449322,0.867832468,3.47989295,0.392017669
0.004228,5.0,0.0466263125,1.50270377,0.866007599,3.47806765,0.389008994
0.004328,5.0,0.0409795674,1.50097727,0.864214154,3.47457597,0.384345573
0.004428,5.0,0.0351710946,1.499321,0.862459876,3.4694323,0.378046756
0.004528,5.0,0.0292238177,1.49774189,0.860752356,3.46265089,0.370131743
0.004628,5.0,0.0231612076,1.49624653,0.859099015,3.45425671,0.360630354
0.004728,5.0,0.0170071909,1.49484107,0.857507074,3.44427526,0.349572834
0.004828,5.0,0.0107860545,1.49353131,0.855983531,3.43274328,0.337000592
0.004928,5.0,0.00452235051,1.4923226,0.854535133,3.41969855,0.322955932
0.005028,5.0,-0.00175920113,1.49121986,0.853168344,3.40519056,0.307492715
0.005128,5.0,-0.00803381001,1.49022757,0.851889321,3.38927013,0.290665979
0.005228,5.0,-0.0142767131,1.48934974,0.850703881,3.37199998,0.272542486
0.005328,5.0,-0.0204632726,1.48858994,0.849617476,3.35344423,0.25319017
0.005428,5.0,-0.0265690728,1.48795124,0.84863516,3.3336788,0.232688564
0.005528,5.0,-0.0325700171,1.48743623,0.847761565,3.31278072,0.211118046
0.005628,5.0,-0.0384424223,1.48704701,0.847000876,3.29083839,0.188570125
0.005728,5.0,-0.0441631129,1.48678522,0.846356804,3.26794067,0.165136491
0.005828,5.0,-0.0497095119,1.48665197,0.845832563,3.24418708,0.140919181
0.005928,5.0,-0.0550597301,1.48664768,0.8454312,3.21953467,0.115877686
0.006028,5.0,-0.0601926528,1.4867726,0.845154761,3.19442483,0.0904552131
0.006128,5.0,-0.0650880225,1.48702661,0.845004451,3.16875458,0.0645501117
0.006228,5.0,-0.0697265196,1.48740878,0.844981413,3.14264723,0.0382869496
0.006328,5.0,-0.0740898379,1.48791773,0.845086193,3.11622021,0.0117840584
0.006428,5.0,-0.0781607575,1.48855161,0.845318752,3.08959525,-0.0148362734
0.006528,5.0,-0.0819232123,1.48930808,0.845678471,3.06288918,-0.0414570538
0.006628,5.0,-0.0853623536,1.49018434,0.846164159,3.03622315,-0.0679573018
0.006728,5.0,-0.0884646086,1.49117713,0.846774063,3.00971282,-0.0942219016
0.006828,5.0,-0.0912177343,1.49228275,0.847505878,2.98347738,-0.120132565
0.006928,5.0,-0.0936108653,1.49349724,0.848356439,2.95776082,-0.145446736
0.007028,5.0,-0.0956345569,1.49481587,0.849322533,2.93235278,-0.170376254
0.007128,5.0,-0.0972808227,1.49623343,0.850400687,2.90758278,-0.194593268
0.007228,5.0,-0.0985431655,1.4977446,0.851586432,2.88354766,-0.21800324
0.007328,5.0,-0.0994166034,1.49934368,0.852874882,2.86034017,-0.240516007
0.007428,5.0,-0.0998976894,1.50102457,0.854260738,2.83805781,-0.262036925
0.007528,5.0,-0.0999845249,1.50278084,0.855738303,2.81678967,-0.282480034
0.007628,5.0,-0.0996767671,1.50460572,0.857301499,2.79662635,-0.301758147
0.007728,5.0,-0.0989756307,1.50649218,0.858943899,2.77764793,-0.31979482
0.007828,5.0,-0.0978838826,1.50843292,0.860658749,2.75993466,-0.336513683
0.007928,5.0,-0.0964058316,1.51042041,0.862439002,2.74355531,-0.351850055
0.008028,5.0,-0.0945473108,1.51244686,0.864277441,2.72854048,-0.365777571
0.008128,5.0,-0.092315655,1.51450448,0.866166397,2.7150767,-0.378114247
0.008228,5.0,-0.0897196715,1.51658526,0.868098069,2.70306256,-0.388966142
0.008328,5.0,-0.0867696054,1.51868095,0.870064714,2.69260926,-0.398226725
0.008428,5.0,-0.0834770994,1.52078335,0.872058299,2.68375632,-0.405861356
0.008528,5.0,-0.0798551473,1.5228842,0.874070712,2.67653121,-0.411847503
0.008628,5.0,-0.0759180435,1.52497524,0.87609379,2.67096116,-0.416162993
0.008728,5.0,-0.0716813258,1.52704821,0.87811935,2.66706045,-0.418798618
0.008828,5.0,-0.0671617147,1.52909494,0.880139227,2.66484254,-0.419745998
0.008928,5.0,-0.062377047,1.53110731,0.882145305,2.6643078,-0.419009895
0.009028,5.0,-0.0573462056,1.53307735,0.884129549,2.66545574,-0.41659589
0.009128,5.0,-0.0520890449,1.53499724,0.88608404,2.66827281,-0.412522579
0.009228,5.0,-0.0466263125,1.53685934,0.888001009,2.6727448,-0.406809177
0.009328,5.0,-0.0409795674,1.53865624,0.889872862,2.67884468,-0.39948764
0.009428,5.0,-0.0351710946,1.54038076,0.891692218,2.68654501,-0.390590219
0.009528,5.0,-0.0292238177,1.54202601,0.893451932,2.69580591,-0.380161514
0.009628,5.0,-0.0231612076,1.54358542,0.895145126,2.70658747,-0.368246001
0.009728,5.0,-0.0170071909,1.54505272,0.896765214,2.71883779,-0.35490001
0.009828,5.0,-0.0107860545,1.54642203,0.89830593,2.73250541,-0.340179237
0.009928,5.0,-0.00452235051,1.54768784,0.899761347,2.74752744,-0.324150646
0.010028,5.0,0.00175920113,1.54884506,0.901125901,2.763842,-0.306879979
0.010128,5.0,0.00803381001,1.54988899,0.902394413,2.7813764,-0.288443572
0.010228,5.0,0.0142767131,1.55081544,0.903562104,2.8000596,-0.268915888
0.010328,5.0,0.0204632726,1.55162062,0.904624613,2.81981046,-0.248381243
0.010428,5.0,0.0265690728,1.55230128,0.905578013,2.84055019,-0.226921363
0.010528,5.0,0.0325700171,1.55285462,0.906418821,2.86219065,-0.204627038
0.010628,5.0,0.0384424223,1.55327838,0.907144011,2.88464681,-0.181585713
0.010728,5.0,0.0441631129,1.55357081,0.907751019,2.9078251,-0.157893058
0.010828,5.0,0.0497095119,1.55373067,0.908237754,2.93163581,-0.133640627
0.010928,5.0,0.0550597301,1.55375711,0.908602882,2.955866,-0.109042732
0.011028,5.0,0.0601926528,1.55365006,0.90884516,2.98069592,-0.0839204518
0.011128,5.0,0.0650880225,1.55341011,0.908963593,3.00584836,-0.0585521392
0.011228,5.0,0.0697265196,1.55303811,0.908958076,3.0312391,-0.0330226523
0.011328,5.0,0.0740898379,1.55253549,0.908828938,3.05677339,-0.00742707033
0.011428,5.0,0.0781607575,1.55190421,0.908576958,3.0823594,0.0181426983
0.011528,5.0,0.0819232123,1.55114677,0.908203368,3.10789947,0.043589241
0.011628,5.0,0.0853623536,1.55026618,0.907709847,3.13330148,0.0688209278
0.011728,5.0,0.0884646086,1.54926595,0.907098515,3.15846916,0.0937423022
0.011828,5.0,0.0912177343,1.54815009,0.906371923,3.18331286,0.118264774
0.011928,5.0,0.0936108653,1.54692327,0.905532705,3.20787717,0.142434089
0.012028,5.0,0.0956345569,1.5455903,0.904584369,3.23174694,0.165836785
0.012128,5.0,0.0972808227,1.54415628,0.903531084,3.25504939,0.188602203
0.012228,5.0,0.0985431655,1.54262707,0.902376893,3.27769295,0.210640848
0.012328,5.0,0.0994166034,1.54100884,0.901126235,3.29958907,0.231866508
0.012428,5.0,0.0998976894,1.53930815,0.899783906,3.32066059,0.252204587
0.012528,5.0,0.0999845249,1.53753185,0.89835503,3.34082922,0.271579604
0.012628,5.0,0.0996767671,1.53568709,0.896845037,3.36002647,0.289926089
0.012728,5.0,0.0989756307,1.53378132,0.895259639,3.37818205,0.307176968
0.012828,5.0,0.0978838826,1.5318222,0.893604807,3.39523511,0.323274791
0.012928,5.0,0.0964058316,1.52981761,0.891886755,3.41112288,0.338160393
0.013028,5.0,0.0945473108,1.52777552,0.890112055,3.42573334,0.35172557
0.013128,5.0,0.092315655,1.52570427,0.888287144,3.43920693,0.364114547
0.013228,5.0,0.0897196715,1.52361222,0.886418709,3.45127474,0.375062396
0.013328,5.0,0.0867696054,1.52150761,0.884513916,3.46197862,0.384615246
0.013428,5.0,0.0834770994,1.51939886,0.882579857,3.47127925,0.392738068
0.013528,5.0,0.0798551473,1.5172944,0.880623741,3.47913594,0.399394564
0.013628,5.0,0.0759180435,1.51520261,0.878652881,3.48551846,0.404558973
0.013728,5.0,0.0716813258,1.51313179,0.876674665,3.49039481,0.408203857
0.013828,5.0,0.0671617147,1.51109015,0.874696537,3.4937434,0.410312276
0.013928,5.0,0.062377047,1.50908576,0.872725971,3.49554108,0.410865746
0.014028,5.0,0.0573462056,1.5071265,0.870770457,3.49577534,0.409856486
0.014128,5.0,0.0520890449,1.50522006,0.868837469,3.49443242,0.407275486
0.014228,5.0,0.0466263125,1.50337391,0.866934446,3.4915096,0.403124785
0.014328,5.0,0.0409795674,1.50159524,0.865068768,3.48700336,0.397405619
0.014428,5.0,0.0351710946,1.49989094,0.863247728,3.4809217,0.390130725
0.014528,5.0,0.0292238177,1.49826762,0.861478506,3.47327234,0.381312518
0.014628,5.0,0.0231612076,1.49673152,0.859768145,3.46407505,0.370975396
0.014728,5.0,0.0170071909,1.49528854,0.858123518,3.45334981,0.359143914
0.014828,5.0,0.0107860545,1.49394419,0.8565513,3.44112913,0.345855054
0.014928,5.0,0.00452235051,1.49270359,0.855057941,3.42744617,0.331146333
0.015028,5.0,-0.00175920113,1.49157144,0.853649631,3.41234696,0.31506801
0.015128,5.0,-0.00803381001,1.49055202,0.852332274,3.39587842,0.297671077
0.015228,5.0,-0.0142767131,1.48964916,0.851111452,3.37810048,0.279019364
0.015328,5.0,-0.0204632726,1.48886625,0.849992398,3.35907393,0.259177363
0.015428,5.0,-0.0265690728,1.48820622,0.848979966,3.33887242,0.238222214
0.015528,5.0,-0.0325700171,1.48767151,0.848078601,3.3175701,0.216231334
0.015628,5.0,-0.0384424223,1.4872641,0.847292313,3.29525353,0.193294273
0.015728,5.0,-0.0441631129,1.4869855,0.846624651,3.27200909,0.169500144
0.015828,5.0,-0.0497095119,1.48683673,0.84607868,3.24793476,0.144949371
0.015928,5.0,-0.0550597301,1.48681809,0.845657316,3.22298155,0.119595333
0.016028,5.0,-0.0601926528,1.48692975,0.845362471,3.1975989,0.0938892209
0.016128,5.0,-0.0650880225,1.48717151,0.845195218,3.17167578,0.0677212454
0.016228,5.0,-0.0697265196,1.48754237,0.845156589,3.1453347,0.0412151074
0.016328,5.0,-0.0740898379,1.48804088,0.845247029,3.11869146,0.0144874726
0.016428,5.0,-0.0781607575,1.4886651,0.845466403,3.09186705,-0.0123401998
0.016528,5.0,-0.0819232123,1.48941266,0.845814001,3.06497672,-0.0391525072
0.016628,5.0,-0.0853623536,1.49028069,0.846288551,3.03814097,-0.065829192
0.016728,5.0,-0.0884646086,1.49126588,0.846888222,3.01147403,-0.0922566133
0.016828,5.0,-0.0912177343,1.49236448,0.847610638,2.98509451,-0.118317082
0.016928,5.0,-0.0936108653,1.49357249,0.848452564,2.95924658,-0.143767906
0.017028,5.0,-0.0956345569,1.49488516,0.849410727,2.9337157,-0.168825159
0.017128,5.0,-0.0972808227,1.4962972,0.850481603,2.90883278,-0.19315962
0.017228,5.0,-0.0985431655,1.49780329,0.85166067,2.88469418,-0.216677253
0.017328,5.0,-0.0994166034,1.49939768,0.852942991,2.86139146,-0.239289122
0.017428,5.0,-0.0998976894,1.50107425,0.854323223,2.83902183,-0.260900889
0.017528,5.0,-0.0999845249,1.50282652,0.855795629,2.81767334,-0.281427662
0.017628,5.0,-0.0996767671,1.50464773,0.857354092,2.79743644,-0.300782431
0.017728,5.0,-0.0989756307,1.50653081,0.85899215,2.77839026,-0.318889714
0.017828,5.0,-0.0978838826,1.50846843,0.860703016,2.76061499,-0.335673225
0.017928,5.0,-0.0964058316,1.51045305,0.862479616,2.74417853,-0.351069163
0.018028,5.0,-0.0945473108,1.51247687,0.864314705,2.72911121,-0.365051448
0.018128,5.0,-0.092315655,1.51453205,0.866200587,2.71559973,-0.37743795
0.018228,5.0,-0.0897196715,1.51661059,0.86812944,2.70354159,-0.388335818
0.018328,5.0,-0.0867696054,1.51870422,0.870093499,2.69304776,-0.397638779
0.018428,5.0,-0.0834770994,1.52080473,0.872084714,2.68415786,-0.405312094
0.018528,5.0,-0.0798551473,1.52290384,0.874094953,2.67689866,-0.411333946
0.018628,5.0,-0.0759180435,1.52499327,0.876116036,2.67129755,-0.415682002
0.018728,5.0,-0.0716813258,1.52706478,0.878139767,2.66736815,-0.418347721
0.018828,5.0,-0.0671617147,1.52911015,0.880157967,2.66512415,-0.419322521
0.018928,5.0,-0.062377047,1.53112127,0.882162507,2.66456529,-0.418611791
0.019028,5.0,-0.0573462056,1.53309017,0.88414534,2.6656913,-0.416220874
0.019128,5.0,-0.0520890449,1.53500901,0.886098537,2.66848808,-0.412168964
0.019228,5.0,-0.0466263125,1.53687015,0.888014319,2.67294167,-0.406475006
0.019328,5.0,-0.0409795674,1.53866615,0.889885084,2.67902447,-0.399171527
0.019428,5.0,-0.0351710946,1.54038986,0.891703441,2.68670936,-0.390290485
0.019528,5.0,-0.0292238177,1.54203437,0.89346224,2.6959559,-0.379877026
0.019628,5.0,-0.0231612076,1.54359308,0.895154593,2.7067245,-0.367975315
0.019728,5.0,-0.0170071909,1.54505976,0.896773912,2.71896273,-0.354642207
0.019828,5.0,-0.0107860545,1.54642849,0.89831392,2.73261948,-0.33993307
0.019928,5.0,-0.00452235051,1.54769377,0.899768688,2.74763134,-0.323915375
0.020028,5.0,0.00175920113,1.54885049,0.901132647,2.76393679,-0.306654521
0.020128,5.0,0.00803381001,1.54989399,0.902400613,2.78146263,-0.28822734
0.020228,5.0,0.0142767131,1.55082002,0.903567803,2.80013819,-0.26870794
0.020328,5.0,0.0204632726,1.55162482,0.904629852,2.81988185,-0.248181116
0.020428,5.0,0.0265690728,1.55230513,0.90558283,2.84061517,-0.226728234
0.020528,5.0,0.0325700171,1.55285816,0.90642325,2.86224957,-0.204440551
0.020628,5.0,0.0384424223,1.55328163,0.907148084,2.88470036,-0.181405142
0.020728,5.0,0.0441631129,1.55357379,0.907754765,2.90787355,-0.157718138
0.020828,5.0,0.0497095119,1.55373341,0.908241201,2.93167977,-0.133470716
0.020928,5.0,0.0550597301,1.55375962,0.908606053,2.95590569,-0.1088776
0.021028,5.0,0.0601926528,1.55365237,0.908848078,2.98073184,-0.0837595844
0.021128,5.0,0.0650880225,1.55341223,0.908966279,3.00588064,-0.0583953957
0.021228,5.0,0.0697265196,1.55304006,0.908960548,3.03126823,-0.032869519
0.021328,5.0,0.0740898379,1.55253727,0.908831214,3.05679946,-0.00727746524
0.021428,5.0,0.0781607575,1.55190585,0.908579054,3.08238284,0.0182892351
0.021528,5.0,0.0819232123,1.55114827,0.908205298,3.10792033,0.0437327464
0.021628,5.0,0.0853623536,1.55026756,0.907711624,3.13332015,0.0689618185
0.021728,5.0,0.0884646086,1.54926722,0.907100152,3.15848564,0.0938805783
0.021828,5.0,0.0912177343,1.54815125,0.906373432,3.18332752,0.118400816
0.021928,5.0,0.0936108653,1.54692434,0.905534096,3.20788996,0.142567848
0.022028,5.0,0.0956345569,1.54559128,0.90458565,3.23175823,0.16596864
0.022128,5.0,0.0972808227,1.54415718,0.903532265,3.2550591,0.188732091
0.022228,5.0,0.0985431655,1.54262789,0.902377982,3.27770141,0.210769093
0.022328,5.0,0.0994166034,1.5410096,0.901127239,3.2995962,0.231993033
0.022428,5.0,0.0998976894,1.53930885,0.899784831,3.32066668,0.252329693
0.022528,5.0,0.0999845249,1.53753249,0.898355883,3.34083418,0.271703196
0.022628,5.0,0.0996767671,1.53568768,0.896845824,3.36003057,0.290048452
0.022728,5.0,0.0989756307,1.53378186,0.895260365,3.37818518,0.307297992
0.022828,5.0,0.0978838826,1.5318227,0.893605477,3.39523753,0.323394744
0.022928,5.0,0.0964058316,1.52981807,0.891887372,3.41112448,0.338279155
0.023028,5.0,0.0945473108,1.52777595,0.890112624,3.42573436,0.351843401
0.023128,5.0,0.092315655,1.52570466,0.88828767,3.43920723,0.364231303
0.023228,5.0,0.0897196715,1.52361257,0.886419193,3.45127457,0.375178329
0.023328,5.0,0.0867696054,1.52150793,0.884514363,3.46197783,0.384730216
0.023428,5.0,0.0834770994,1.51939916,0.882580269,3.47127808,0.39285231
0.023528,5.0,0.0798551473,1.51729468,0.880624121,3.47913425,0.399507929
0.023628,5.0,0.0759180435,1.51520286,0.878653232,3.48551646,0.40467169
0.023728,5.0,0.0716813258,1.51313202,0.876674988,3.49039234,0.408315772
0.023828,5.0,0.0671617147,1.51109037,0.874696834,3.49374069,0.410423609
0.023928,5.0,0.062377047,1.50908595,0.872726245,3.49553797,0.410976339
0.024028,5.0,0.0573462056,1.50712668,0.870770709,3.49577204,0.409966555
0.024128,5.0,0.0520890449,1.50522023,0.868837701,3.49442876,0.407384868
0.024228,5.0,0.0466263125,1.50337407,0.86693466,3.4915058,0.40323369
0.024328,5.0,0.0409795674,1.50159538,0.865068965,3.48699924,0.397513883
0.024428,5.0,0.0351710946,1.49989107,0.863247909,3.48091748,0.390238553
0.024528,5.0,0.0292238177,1.49826774,0.861478673,3.47326784,0.381419741
0.024628,5.0,0.0231612076,1.49673163,0.859768298,3.46407048,0.371082219
0.024728,5.0,0.0170071909,1.49528864,0.858123658,3.45334499,0.359250164
0.024828,5.0,0.0107860545,1.49394428,0.856551429,3.44112426,0.345960933
0.024928,5.0,0.00452235051,1.49270368,0.855058059,3.42744107,0.331251667
0.025028,5.0,-0.00175920113,1.49157152,0.85364974,3.41234183,0.315173
0.025128,5.0,-0.00803381001,1.49055209,0.852332374,3.39587309,0.297775546
0.025228,5.0,-0.0142767131,1.48964923,0.851111543,3.37809514,0.27912351
0.025328,5.0,-0.0204632726,1.48886632,0.849992482,3.35906841,0.259281009
0.025428,5.0,-0.0265690728,1.48820627,0.848980042,3.3388669,0.238325557
0.025528,5.0,-0.0325700171,1.48767156,0.848078671,3.31756442,0.216334194
0.025628,5.0,-0.0384424223,1.48726415,0.847292377,3.29524788,0.193396848
0.025728,5.0,-0.0441631129,1.48698555,0.846624709,3.27200328,0.169602252
0.025828,5.0,-0.0497095119,1.48683677,0.846078733,3.24792898,0.145051208
0.025928,5.0,-0.0550597301,1.48681813,0.845657364,3.22297562,0.119696716
0.026028,5.0,-0.0601926528,1.48692978,0.845362515,3.19759303,0.0939903475
0.026128,5.0,-0.0650880225,1.48717154,0.845195258,3.17166978,0.0678219292
0.026228,5.0,-0.0697265196,1.4875424,0.845156625,3.14532875,0.0413155473
0.026328,5.0,-0.0740898379,1.4880409,0.845247062,3.11868539,0.0145874799
0.026428,5.0,-0.0781607575,1.48866513,0.845466432,3.09186104,-0.0122404259
0.026528,5.0,-0.0819232123,1.48941268,0.845814028,3.06497059,-0.039053157
0.026628,5.0,-0.0853623536,1.49028071,0.846288575,3.03813492,-0.0657300658
0.026728,5.0,-0.0884646086,1.4912659,0.846888244,3.01146786,-0.0921579031
0.026828,5.0,-0.0912177343,1.4923645,0.847610658,2.98508842,-0.118218588
0.026928,5.0,-0.0936108653,1.49357251,0.848452581,2.95924039,-0.14366982
0.027028,5.0,-0.0956345569,1.49488517,0.849410742,2.9337096,-0.168727282
0.027128,5.0,-0.0972808227,1.49629721,0.850481617,2.90882657,-0.193062146
0.027228,5.0,-0.0985431655,1.4978033,0.851660682,2.88468806,-0.216579981
0.027328,5.0,-0.0994166034,1.49939769,0.852943002,2.86138523,-0.239192247
0.027428,5.0,-0.0998976894,1.50107426,0.854323233,2.8390157,-0.26080421
0.027528,5.0,-0.0999845249,1.50282653,0.855795637,2.81766712,-0.281331376
0.027628,5.0,-0.0996767671,1.50464774,0.857354099,2.79743031,-0.300686336
0.027728,5.0,-0.0989756307,1.50653081,0.858992156,2.77838403,-0.318794007
0.027828,5.0,-0.0978838826,1.50846843,0.860703021,2.76060886,-0.335577704
0.027928,5.0,-0.0964058316,1.51045306,0.86247962,2.74417231,-0.350974027
0.028028,5.0,-0.0945473108,1.51247687,0.864314708,2.7291051,-0.364956495
0.028128,5.0,-0.092315655,1.51453206,0.86620059,2.71559352,-0.377343378
0.028228,5.0,-0.0897196715,1.51661059,0.868129442,2.7035355,-0.388241424
0.028328,5.0,-0.0867696054,1.51870422,0.870093501,2.69304157,-0.397544764
0.028428,5.0,-0.0834770994,1.52080473,0.872084714,2.68415177,-0.405218253
0.028528,5.0,-0.0798551473,1.52290384,0.874094953,2.67689249,-0.411240481
0.028628,5.0,-0.0759180435,1.52499327,0.876116035,2.67129149,-0.415588709
0.028728,5.0,-0.0716813258,1.52706478,0.878139766,2.667362,-0.4182548
0.028828,5.0,-0.0671617147,1.52911015,0.880157966,2.66511811,-0.419229769
0.028928,5.0,-0.062377047,1.53112127,0.882162505,2.66455916,-0.41851941
0.029028,5.0,-0.0573462056,1.53309017,0.884145338,2.66568529,-0.41612866
0.029128,5.0,-0.0520890449,1.53500901,0.886098535,2.66848197,-0.412077117
0.029228,5.0,-0.0466263125,1.53687014,0.888014316,2.67293567,-0.406383324
0.029328,5.0,-0.0409795674,1.53866615,0.889885081,2.67901839,-0.39908021
0.029428,5.0,-0.0351710946,1.54038986,0.891703438,2.68670339,-0.390199331
0.029528,5.0,-0.0292238177,1.54203436,0.893462236,2.69594984,-0.379786235
0.029628,5.0,-0.0231612076,1.54359308,0.89515459,2.70671856,-0.367884685
0.029728,5.0,-0.0170071909,1.54505976,0.896773908,2.7189567,-0.354551937
0.029828,5.0,-0.0107860545,1.54642849,0.898313917,2.73261357,-0.339842959
0.029928,5.0,-0.00452235051,1.54769377,0.899768684,2.74762535,-0.323825622
0.030028,5.0,0.00175920113,1.54885049,0.901132643,2.76393091,-0.306564926
0.030128,5.0,0.00803381001,1.54989398,0.902400609,2.78145666,-0.288138102
0.030228,5.0,0.0142767131,1.55082001,0.903567798,2.80013234,-0.268618858
0.030328,5.0,0.0204632726,1.55162482,0.904629848,2.81987591,-0.248092387
0.030428,5.0,0.0265690728,1.55230513,0.905582825,2.84060935,-0.226639661
0.030528,5.0,0.0325700171,1.55285816,0.906423246,2.86224366,-0.204352329
0.030628,5.0,0.0384424223,1.55328163,0.907148079,2.88469457,-0.181317074
0.030728,5.0,0.0441631129,1.55357379,0.907754761,2.90786767,-0.157630419
0.030828,5.0,0.0497095119,1.55373341,0.908241196,2.93167401,-0.13338315
0.030928,5.0,0.0550597301,1.55375962,0.908606048,2.95589985,-0.108790381
0.031028,5.0,0.0601926528,1.55365236,0.908848073,2.9807261,-0.083672518
0.031128,5.0,0.0650880225,1.55341222,0.908966274,3.00587482,-0.0583086733
0.031228,5.0,0.0697265196,1.55304005,0.908960544,3.03126253,-0.0327829483
0.031328,5.0,0.0740898379,1.55253727,0.90883121,3.05679367,-0.00719123635
0.031428,5.0,0.0781607575,1.55190585,0.908579049,3.08237717,0.0183753132
0.031528,5.0,0.0819232123,1.55114827,0.908205293,3.10791457,0.0438184849
0.031628,5.0,0.0853623536,1.55026756,0.907711619,3.1333145,0.0690474071
0.031728,5.0,0.0884646086,1.54926722,0.907100148,3.15847992,0.0939658295
0.031828,5.0,0.0912177343,1.54815125,0.906373427,3.1833219,0.118485918
0.031928,5.0,0.0936108653,1.54692434,0.905534091,3.20788426,0.142652615
0.032028,5.0,0.0956345569,1.54559128,0.904585645,3.23175264,0.166053259
0.032128,5.0,0.0972808227,1.54415718,0.90353226,3.25505344,0.188816376
0.032228,5.0,0.0985431655,1.54262789,0.902377977,3.27769586,0.210853232
0.032328,5.0,0.0994166034,1.5410096,0.901127234,3.29959057,0.23207684
0.032428,5.0,0.0998976894,1.53930884,0.899784827,3.32066116,0.252413354
0.032528,5.0,0.0999845249,1.53753248,0.898355879,3.34082858,0.271786527
0.032628,5.0,0.0996767671,1.53568768,0.896845819,3.36002508,0.290131638
0.032728,5.0,0.0989756307,1.53378186,0.89526036,3.37817961,0.30738085
0.032828,5.0,0.0978838826,1.53182269,0.893605472,3.39523207,0.323477459
0.032928,5.0,0.0964058316,1.52981807,0.891887368,3.41111894,0.338361544
0.033028,5.0,0.0945473108,1.52777594,0.89011262,3.42572893,0.351925646
0.033128,5.0,0.092315655,1.52570466,0.888287665,3.43920172,0.364313225
0.033228,5.0,0.0897196715,1.52361257,0.886419189,3.45126917,0.375260109
0.033328,5.0,0.0867696054,1.52150793,0.884514359,3.46197236,0.384811673
0.033428,5.0,0.0834770994,1.51939916,0.882580264,3.47127271,0.392933626
0.033528,5.0,0.0798551473,1.51729467,0.880624117,3.4791288,0.399588925
0.033628,5.0,0.0759180435,1.51520286,0.878653227,3.48551112,0.404752546
0.033728,5.0,0.0716813258,1.51313202,0.876674984,3.49038693,0.408396309
0.033828,5.0,0.0671617147,1.51109036,0.87469683,3.49373539,0.410504007
0.033928,5.0,0.062377047,1.50908595,0.872726241,3.49553259,0.41105642
0.034028,5.0,0.0573462056,1.50712668,0.870770705,3.49576676,0.410046498
0.034128,5.0,0.0520890449,1.50522023,0.868837697,3.49442341,0.407464495
0.034228,5.0,0.0466263125,1.50337407,0.866934656,3.49150055,0.403313181
0.034328,5.0,0.0409795674,1.50159538,0.865068961,3.48699392,0.397593059
0.034428,5.0,0.0351710946,1.49989107,0.863247905,3.48091226,0.390317594
0.034528,5.0,0.0292238177,1.49826774,0.861478669,3.47326255,0.381498469
0.034628,5.0,0.0231612076,1.49673163,0.859768294,3.46406529,0.371160812
0.034728,5.0,0.0170071909,1.49528864,0.858123654,3.45333972,0.359328447
0.034828,5.0,0.0107860545,1.49394428,0.856551425,3.4411191,0.346039083
0.034928,5.0,0.00452235051,1.49270367,0.855058055,3.42743584,0.331329506
0.035028,5.0,-0.00175920113,1.49157152,0.853649736,3.41233671,0.315250707
0.035128,5.0,-0.00803381001,1.49055209,0.85233237,3.39586789,0.297852944
0.035228,5.0,-0.0142767131,1.48964923,0.851111539,3.37809005,0.279200779
0.035328,5.0,-0.0204632726,1.48886631,0.849992478,3.35906324,0.259357969
0.035428,5.0,-0.0265690728,1.48820627,0.848980039,3.33886184,0.238402389
0.035528,5.0,-0.0325700171,1.48767156,0.848078667,3.31755928,0.216410719
0.035628,5.0,-0.0384424223,1.48726415,0.847292373,3.29524284,0.193473246
0.035728,5.0,-0.0441631129,1.48698555,0.846624705,3.27199817,0.169678343
0.035828,5.0,-0.0497095119,1.48683677,0.846078729,3.24792398,0.145127174
0.035928,5.0,-0.0550597301,1.48681812,0.84565736,3.22297054,0.119772376
0.036028,5.0,-0.0601926528,1.48692978,0.845362511,3.19758805,0.0940658847
0.036128,5.0,-0.0650880225,1.48717154,0.845195254,3.17166472,0.0678971611
0.036228,5.0,-0.0697265196,1.4875424,0.845156621,3.14532381,0.0413906576
0.036328,5.0,-0.0740898379,1.4880409,0.845247058,3.11868036,0.0146622857
0.036428,5.0,-0.0781607575,1.48866512,0.845466428,3.09185612,-0.01216574
0.036528,5.0,-0.0819232123,1.48941267,0.845814024,3.06496559,-0.038978775
0.036628,5.0,-0.0853623536,1.4902807,0.846288571,3.03813003,-0.065655802
0.036728,5.0,-0.0884646086,1.4912659,0.84688824,3.01146289,-0.0920839424
0.036828,5.0,-0.0912177343,1.4923645,0.847610654,2.98508356,-0.118144744
0.036928,5.0,-0.0936108653,1.49357251,0.848452577,2.95923545,-0.143596278
0.037028,5.0,-0.0956345569,1.49488517,0.849410738,2.93370476,-0.168653856
0.037128,5.0,-0.0972808227,1.49629721,0.850481613,2.90882166,-0.192989021
0.037228,5.0,-0.0985431655,1.4978033,0.851660678,2.88468326,-0.21650697
0.037328,5.0,-0.0994166034,1.49939769,0.852942997,2.86138035,-0.239119537
0.037428,5.0,-0.0998976894,1.50107425,0.854323229,2.83901092,-0.260731612
0.037528,5.0,-0.0999845249,1.50282653,0.855795633,2.81766226,-0.281259078
0.037628,5.0,-0.0996767671,1.50464774,0.857354095,2.79742556,-0.300614149
0.037728,5.0,-0.0989756307,1.50653081,0.858992151,2.7783792,-0.318722119
0.037828,5.0,-0.0978838826,1.50846843,0.860703017,2.76060414,-0.335505926
0.037928,5.0,-0.0964058316,1.51045305,0.862479615,2.74416751,-0.350902547
0.038028,5.0,-0.0945473108,1.51247687,0.864314704,2.72910041,-0.364885122
0.038128,5.0,-0.092315655,1.51453205,0.866200586,2.71558874,-0.377272303
0.038228,5.0,-0.0897196715,1.51661059,0.868129438,2.70353083,-0.388170456
0.038328,5.0,-0.0867696054,1.51870422,0.870093496,2.69303682,-0.397474092
0.038428,5.0,-0.0834770994,1.52080472,0.87208471,2.68414713,-0.405147688
0.038528,5.0,-0.0798551473,1.52290384,0.874094948,2.67688777,-0.411170211
0.038628,5.0,-0.0759180435,1.52499327,0.876116031,2.67128687,-0.415518543
0.038728,5.0,-0.0716813258,1.52706477,0.878139762,2.6673573,-0.418184929
0.038828,5.0,-0.0671617147,1.52911014,0.880157962,2.66511353,-0.419160001
0.038928,5.0,-0.062377047,1.53112127,0.882162501,2.66455448,-0.418449936
0.039028,5.0,-0.0573462056,1.53309017,0.884145334,2.66568072,-0.416059288
0.039128,5.0,-0.0520890449,1.53500901,0.886098531,2.66847733,-0.412008037
0.039228,5.0,-0.0466263125,1.53687014,0.888014312,2.67293114,-0.406314345
0.039328,5.0,-0.0409795674,1.53866615,0.889885077,2.67901377,-0.399011522
0.039428,5.0,-0.0351710946,1.54038985,0.891703434,2.68669888,-0.390130743
0.039528,5.0,-0.0292238177,1.54203436,0.893462232,2.69594525,-0.379717937
0.039628,5.0,-0.0231612076,1.54359308,0.895154586,2.70671407,-0.367816486
0.039728,5.0,-0.0170071909,1.54505975,0.896773904,2.71895213,-0.354484027
0.039828,5.0,-0.0107860545,1.54642849,0.898313912,2.73260911,-0.339775148
0.039928,5.0,-0.00452235051,1.54769377,0.89976868,2.7476208,-0.323758098
0.040028,5.0,0.00175920113,1.54885049,0.901132639,2.76392647,-0.3064975
0.040128,5.0,0.00803381001,1.54989398,0.902400605,2.78145215,-0.288070961
0.040228,5.0,0.0142767131,1.55082001,0.903567794,2.80012793,-0.268551814
0.040328,5.0,0.0204632726,1.55162482,0.904629843,2.81987142,-0.248025628
0.040428,5.0,0.0265690728,1.55230513,0.905582821,2.84060496,-0.226572998
0.040528,5.0,0.0325700171,1.55285815,0.906423242,2.86223919,-0.204285948
0.040628,5.0,0.0384424223,1.55328162,0.907148075,2.8846902,-0.181250789
0.040728,5.0,0.0441631129,1.55357378,0.907754757,2.90786322,-0.157564415
0.040828,5.0,0.0497095119,1.5537334,0.908241192,2.93166967,-0.133317242
0.040928,5.0,0.0550597301,1.55375962,0.908606044,2.95589543,-0.108724751
0.041028,5.0,0.0601926528,1.55365236,0.908848069,2.98072178,-0.0836069837
0.041128,5.0,0.0650880225,1.55341222,0.90896627,3.00587042,-0.0582434161
0.041228,5.0,0.0697265196,1.55304005,0.90896054,3.03125823,-0.0327177859
0.041328,5.0,0.0740898379,1.55253727,0.908831206,3.0567893,-0.00712634927
0.041428,5.0,0.0781607575,1.55190584,0.908579045,3.0823729,0.0184401058
0.041528,5.0,0.0819232123,1.55114827,0.908205289,3.10791023,0.0438830039
0.041628,5.0,0.0853623536,1.55026755,0.907711616,3.13331026,0.069111832
0.041728,5.0,0.0884646086,1.54926721,0.907100144,3.15847559,0.0940299826
0.041828,5.0,0.0912177343,1.54815125,0.906373423,3.18331768,0.118549978
0.041928,5.0,0.0936108653,1.54692433,0.905534087,3.20787996,0.142716404
0.042028,5.0,0.0956345569,1.54559127,0.904585642,3.23174844,0.166116955
0.042128,5.0,0.0972808227,1.54415718,0.903532257,3.25504917,0.188879804
0.042228,5.0,0.0985431655,1.54262789,0.902377974,3.27769168,0.210916567
0.042328,5.0,0.0994166034,1.5410096,0.901127231,3.29958632,0.232139908
0.042428,5.0,0.0998976894,1.53930884,0.899784823,3.32065701,0.25247633
0.042528,5.0,0.0999845249,1.53753248,0.898355875,3.34082435,0.271849238
0.042628,5.0,0.0996767671,1.53568768,0.896845816,3.36002095,0.290194257
0.042728,5.0,0.0989756307,1.53378186,0.895260356,3.37817541,0.307443206
0.042828,5.0,0.0978838826,1.53182269,0.893605469,3.39522796,0.323539723
0.042928,5.0,0.0964058316,1.52981806,0.891887364,3.41111476,0.338423545
0.043028,5.0,0.0945473108,1.52777594,0.890112616,3.42572485,0.351987558
0.043128,5.0,0.092315655,1.52570466,0.888287662,3.43919756,0.364374875
0.043228,5.0,0.0897196715,1.52361257,0.886419186,3.45126511,0.37532167
0.043328,5.0,0.0867696054,1.52150793,0.884514356,3.46196823,0.384872975
0.043428,5.0,0.0834770994,1.51939916,0.882580261,3.47126868,0.392994838
0.043528,5.0,0.0798551473,1.51729467,0.880624113,3.4791247,0.39964988
0.043628,5.0,0.0759180435,1.51520286,0.878653224,3.48550711,0.404813412
0.043728,5.0,0.0716813258,1.51313202,0.876674981,3.49038285,0.408456918
0.043828,5.0,0.0671617147,1.51109036,0.874696827,3.4937314,0.410564528
0.043928,5.0,0.062377047,1.50908595,0.872726238,3.49552853,0.411116686
0.044028,5.0,0.0573462056,1.50712668,0.870770702,3.4957628,0.410106677
0.044128,5.0,0.0520890449,1.50522023,0.868837694,3.49441937,0.40752442
0.044228,5.0,0.0466263125,1.50337406,0.866934653,3.49149661,0.403373019
0.044328,5.0,0.0409795674,1.50159538,0.865068958,3.48698991,0.397652644
0.044428,5.0,0.0351710946,1.49989107,0.863247902,3.48090834,0.390377094
0.044528,5.0,0.0292238177,1.49826774,0.861478666,3.47325856,0.381557717
0.044628,5.0,0.0231612076,1.49673163,0.859768291,3.46406139,0.371219976
0.044728,5.0,0.0170071909,1.49528864,0.858123651,3.45333576,0.359387359
0.044828,5.0,0.0107860545,1.49394428,0.856551422,3.44111523,0.346097912
0.044928,5.0,0.00452235051,1.49270367,0.855058052,3.42743189,0.331388085
0.045028,5.0,-0.00175920113,1.49157152,0.853649733,3.41233286,0.315309204
0.045128,5.0,-0.00803381001,1.49055209,0.852332367,3.39586397,0.297911191
0.045228,5.0,-0.0142767131,1.48964923,0.851111536,3.37808622,0.279258945
0.045328,5.0,-0.0204632726,1.48886631,0.849992475,3.35905933,0.259415886
0.045428,5.0,-0.0265690728,1.48820627,0.848980036,3.33885803,0.238460227
0.045528,5.0,-0.0325700171,1.48767155,0.848078664,3.3175554,0.216468308
0.045628,5.0,-0.0384424223,1.48726415,0.84729237,3.29523906,0.193530757
0.045728,5.0,-0.0441631129,1.48698554,0.846624702,3.27199431,0.169735607
0.045828,5.0,-0.0497095119,1.48683677,0.846078726,3.24792022,0.145184361
0.045928,5.0,-0.0550597301,1.48681812,0.845657357,3.22296671,0.119829315
0.046028,5.0,-0.0601926528,1.48692978,0.845362508,3.19758431,0.0941227486
0.046128,5.0,-0.0650880225,1.48717153,0.845195251,3.17166091,0.0679537775
0.046228,5.0,-0.0697265196,1.4875424,0.845156619,3.14532009,0.0414472004
0.046328,5.0,-0.0740898379,1.4880409,0.845247055,3.11867657,0.0147185813
0.046428,5.0,-0.0781607575,1.48866512,0.845466425,3.09185243,-0.0121095166
0.046528,5.0,-0.0819232123,1.48941267,0.845814021,3.06496183,-0.0389227983
0.046628,5.0,-0.0853623536,1.4902807,0.846288568,3.03812636,-0.0655998963
0.046728,5.0,-0.0884646086,1.49126589,0.846888237,3.01145914,-0.092028283
0.046828,5.0,-0.0912177343,1.49236449,0.847610651,2.98507991,-0.118089154
0.046928,5.0,-0.0936108653,1.4935725,0.848452574,2.95923172,-0.143540934
0.047028,5.0,-0.0956345569,1.49488517,0.849410735,2.93370114,-0.168598581
0.047128,5.0,-0.0972808227,1.49629721,0.85048161,2.90881795,-0.19293399
0.047228,5.0,-0.0985431655,1.4978033,0.851660675,2.88467965,-0.216452007
0.047328,5.0,-0.0994166034,1.49939769,0.852942994,2.86137666,-0.239064818
0.047428,5.0,-0.0998976894,1.50107425,0.854323226,2.83900734,-0.26067696
0.047528,5.0,-0.0999845249,1.50282653,0.855795629,2.8176586,-0.28120467
0.047628,5.0,-0.0996767671,1.50464773,0.857354092,2.797422,-0.300559806
0.047728,5.0,-0.0989756307,1.50653081,0.858992148,2.77837556,-0.31866802
0.047828,5.0,-0.0978838826,1.50846843,0.860703014,2.7606006,-0.33545189
0.047928,5.0,-0.0964058316,1.51045305,0.862479612,2.74416388,-0.350848755
0.048028,5.0,-0.0945473108,1.51247686,0.864314701,2.72909688,-0.364831393
0.048128,5.0,-0.092315655,1.51453205,0.866200582,2.71558514,-0.377218816
0.048228,5.0,-0.0897196715,1.51661059,0.868129435,2.70352733,-0.388117031
0.048328,5.0,-0.0867696054,1.51870422,0.870093493,2.69303324,-0.397420909
0.048428,5.0,-0.0834770994,1.52080472,0.872084707,2.68414365,-0.405094565
0.048528,5.0,-0.0798551473,1.52290383,0.874094945,2.6768842,-0.411117329
0.048628,5.0,-0.0759180435,1.52499327,0.876116028,2.67128341,-0.415465721
0.048728,5.0,-0.0716813258,1.52706477,0.878139759,2.66735376,-0.418132348
0.048828,5.0,-0.0671617147,1.52911014,0.880157959,2.66511008,-0.419107479
0.048928,5.0,-0.062377047,1.53112127,0.882162498,2.66455096,-0.418397653
0.049028,5.0,-0.0573462056,1.53309017,0.88414533,2.6656773,-0.416007063
0.049128,5.0,-0.0520890449,1.535009,0.886098528,2.66847382,-0.411956051
0.049228,5.0,-0.0466263125,1.53687014,0.888014309,2.67292773,-0.406262417
0.049328,5.0,-0.0409795674,1.53866615,0.889885074,2.67901028,-0.398959832
0.049428,5.0,-0.0351710946,1.54038985,0.891703431,2.68669549,-0.390079109
0.049528,5.0,-0.0292238177,1.54203436,0.893462229,2.69594178,-0.37966654
0.049628,5.0,-0.0231612076,1.54359308,0.895154582,2.7067107,-0.367765145
0.049728,5.0,-0.0170071909,1.54505975,0.8967739,2.71894869,-0.354432922
0.049828,5.0,-0.0107860545,1.54642848,0.898313909,2.73260576,-0.339724098
0.049914,5.0,-0.00540091018,1.54752273,0.899570419,2.74545448,-0.326007911
0.05,5.0,-1.2246468e-16,1.54853726,0.900760242,2.75926577,-0.311366094
